Date	Open	High	Low	Close	Volume
2026-01-13T00:00:00.0000000	3081.80000000	3097.60000000	3080.00000000	3095.30000000	4.76640000
2026-01-12T23:30:00.0000000	3082.30000000	3082.30000000	3076.00000000	3078.80000000	1.52890000
2026-01-12T23:00:00.0000000	3080.40000000	3082.30000000	3074.40000000	3082.30000000	2.20500000
2026-01-12T22:30:00.0000000	3086.70000000	3091.50000000	3081.30000000	3082.70000000	1.36750000
2026-01-12T22:00:00.0000000	3080.40000000	3093.60000000	3080.40000000	3082.90000000	4.25730000
2026-01-12T21:30:00.0000000	3086.40000000	3087.50000000	3072.90000000	3078.20000000	2.11010000
2026-01-12T21:00:00.0000000	3091.30000000	3093.80000000	3082.40000000	3086.40000000	2.62960000
2026-01-12T20:30:00.0000000	3098.70000000	3098.70000000	3088.90000000	3089.80000000	1.54490000
2026-01-12T20:00:00.0000000	3105.70000000	3116.80000000	3098.60000000	3098.60000000	2.59790000
2026-01-12T19:30:00.0000000	3102.00000000	3106.20000000	3100.30000000	3104.70000000	2.16760000
2026-01-12T19:00:00.0000000	3096.00000000	3104.80000000	3086.80000000	3101.20000000	1.72000000
2026-01-12T18:30:00.0000000	3103.50000000	3103.50000000	3086.50000000	3096.80000000	2.37670000
2026-01-12T18:00:00.0000000	3095.00000000	3109.20000000	3090.70000000	3109.20000000	2.62630000
2026-01-12T17:30:00.0000000	3102.50000000	3102.50000000	3076.10000000	3094.50000000	3.78690000
2026-01-12T17:00:00.0000000	3123.40000000	3126.70000000	3100.70000000	3105.00000000	10.38130000
2026-01-12T16:30:00.0000000	3129.30000000	3130.20000000	3117.20000000	3121.10000000	4.95330000
2026-01-12T16:00:00.0000000	3113.80000000	3130.20000000	3112.90000000	3128.60000000	18.39920000
2026-01-12T15:30:00.0000000	3105.10000000	3113.20000000	3099.70000000	3113.20000000	4.12760000
2026-01-12T15:00:00.0000000	3086.40000000	3104.10000000	3079.00000000	3104.10000000	3.39360000
2026-01-12T14:30:00.0000000	3063.60000000	3097.40000000	3062.10000000	3088.00000000	4.86090000
2026-01-12T14:00:00.0000000	3096.00000000	3096.70000000	3046.50000000	3065.50000000	14.08990000
2026-01-12T13:30:00.0000000	3097.20000000	3102.90000000	3093.90000000	3099.30000000	4.44770000
2026-01-12T13:00:00.0000000	3106.10000000	3107.30000000	3094.70000000	3098.80000000	3.10740000
2026-01-12T12:30:00.0000000	3107.60000000	3107.70000000	3100.60000000	3105.20000000	2.44880000
2026-01-12T12:00:00.0000000	3104.20000000	3110.80000000	3103.00000000	3107.70000000	2.15280000
2026-01-12T11:30:00.0000000	3106.30000000	3108.20000000	3102.10000000	3104.50000000	4.65970000
2026-01-12T11:00:00.0000000	3097.80000000	3109.00000000	3094.40000000	3106.70000000	5.08930000
2026-01-12T10:30:00.0000000	3104.30000000	3106.20000000	3094.40000000	3094.40000000	1.96900000
2026-01-12T10:00:00.0000000	3108.60000000	3109.20000000	3101.60000000	3105.00000000	3.11380000
2026-01-12T09:30:00.0000000	3112.50000000	3112.80000000	3105.60000000	3107.00000000	0.30440000
2026-01-12T09:00:00.0000000	3104.70000000	3113.90000000	3103.50000000	3112.80000000	3.98930000
2026-01-12T08:30:00.0000000	3126.10000000	3126.10000000	3092.80000000	3106.50000000	5.44150000
2026-01-12T08:00:00.0000000	3122.60000000	3136.70000000	3122.60000000	3131.30000000	7.18060000
2026-01-12T07:30:00.0000000	3140.90000000	3140.90000000	3117.60000000	3120.80000000	2.47710000
2026-01-12T07:00:00.0000000	3140.60000000	3144.20000000	3137.00000000	3139.20000000	3.65760000
2026-01-12T06:30:00.0000000	3142.00000000	3143.00000000	3138.30000000	3139.00000000	0.50590000
2026-01-12T06:00:00.0000000	3145.20000000	3148.90000000	3142.00000000	3143.40000000	0.92200000
2026-01-12T05:30:00.0000000	3152.60000000	3152.60000000	3143.20000000	3144.10000000	0.99330000
2026-01-12T05:00:00.0000000	3143.10000000	3152.20000000	3142.00000000	3150.90000000	1.71290000
2026-01-12T04:30:00.0000000	3142.50000000	3150.80000000	3142.50000000	3145.30000000	0.75930000
2026-01-12T04:00:00.0000000	3143.20000000	3146.60000000	3138.00000000	3142.40000000	1.12150000
2026-01-12T03:30:00.0000000	3151.80000000	3154.10000000	3140.80000000	3140.80000000	2.37860000
2026-01-12T03:00:00.0000000	3147.20000000	3159.70000000	3145.40000000	3154.00000000	4.98240000
2026-01-12T02:30:00.0000000	3123.70000000	3156.80000000	3115.40000000	3153.20000000	5.66540000
2026-01-12T02:00:00.0000000	3114.00000000	3124.10000000	3114.00000000	3124.10000000	2.59260000
2026-01-12T01:30:00.0000000	3117.80000000	3119.10000000	3104.90000000	3115.60000000	4.31950000
2026-01-12T01:00:00.0000000	3112.90000000	3122.70000000	3112.50000000	3118.80000000	4.54020000
2026-01-12T00:30:00.0000000	3111.40000000	3113.00000000	3082.80000000	3107.60000000	31.33470000
2026-01-12T00:00:00.0000000	3111.60000000	3117.30000000	3094.40000000	3112.30000000	38.46710000
2026-01-11T23:30:00.0000000	3098.90000000	3108.30000000	3096.20000000	3105.60000000	2.60630000
2026-01-11T23:00:00.0000000	3095.10000000	3102.00000000	3077.90000000	3099.10000000	4.40350000
2026-01-11T22:30:00.0000000	3101.10000000	3101.90000000	3096.30000000	3096.30000000	1.58440000
2026-01-11T22:00:00.0000000	3104.90000000	3106.40000000	3094.00000000	3101.40000000	0.50020000
2026-01-11T21:30:00.0000000	3103.50000000	3110.30000000	3100.20000000	3107.90000000	1.72180000
2026-01-11T21:00:00.0000000	3097.20000000	3103.00000000	3095.90000000	3096.60000000	0.98410000
2026-01-11T20:30:00.0000000	3090.80000000	3099.60000000	3088.90000000	3099.60000000	1.58320000
2026-01-11T20:00:00.0000000	3110.20000000	3110.20000000	3090.80000000	3092.10000000	2.05590000
2026-01-11T19:30:00.0000000	3113.10000000	3115.90000000	3107.60000000	3112.80000000	2.07120000
2026-01-11T19:00:00.0000000	3120.50000000	3121.80000000	3113.60000000	3116.90000000	2.07160000
2026-01-11T18:30:00.0000000	3113.70000000	3121.40000000	3109.90000000	3118.40000000	2.82340000
2026-01-11T18:00:00.0000000	3115.10000000	3115.10000000	3109.40000000	3112.70000000	0.60890000
2026-01-11T17:30:00.0000000	3122.00000000	3122.00000000	3111.10000000	3114.90000000	0.69350000
2026-01-11T17:00:00.0000000	3120.40000000	3123.60000000	3117.50000000	3121.50000000	1.91490000
2026-01-11T16:30:00.0000000	3111.20000000	3132.60000000	3111.20000000	3123.10000000	5.00500000
2026-01-11T16:00:00.0000000	3099.90000000	3111.30000000	3095.80000000	3111.30000000	1.71130000
2026-01-11T15:30:00.0000000	3105.50000000	3108.40000000	3096.30000000	3099.90000000	0.73390000
2026-01-11T15:00:00.0000000	3103.80000000	3108.40000000	3103.60000000	3105.30000000	2.39990000
2026-01-11T14:30:00.0000000	3101.30000000	3103.80000000	3097.30000000	3103.80000000	2.70620000
2026-01-11T14:00:00.0000000	3096.00000000	3100.60000000	3074.40000000	3100.60000000	6.50300000
2026-01-11T13:30:00.0000000	3098.80000000	3098.80000000	3094.10000000	3096.30000000	1.20180000
2026-01-11T13:00:00.0000000	3102.90000000	3102.90000000	3097.30000000	3099.20000000	2.72550000
2026-01-11T12:30:00.0000000	3097.90000000	3102.80000000	3093.50000000	3101.90000000	2.59320000
2026-01-11T12:00:00.0000000	3095.10000000	3098.60000000	3092.80000000	3095.90000000	4.51810000
2026-01-11T11:30:00.0000000	3094.60000000	3096.00000000	3090.20000000	3094.60000000	1.65320000
2026-01-11T11:00:00.0000000	3095.70000000	3097.90000000	3088.40000000	3097.90000000	12.50650000
2026-01-11T10:30:00.0000000	3093.30000000	3097.20000000	3093.00000000	3095.30000000	0.70880000
2026-01-11T10:00:00.0000000	3092.50000000	3096.70000000	3091.90000000	3093.50000000	1.63520000
2026-01-11T09:30:00.0000000	3095.40000000	3096.00000000	3090.10000000	3093.30000000	0.94740000
2026-01-11T09:00:00.0000000	3091.00000000	3096.30000000	3091.00000000	3096.00000000	2.56240000
2026-01-11T08:30:00.0000000	3088.00000000	3096.20000000	3087.70000000	3092.50000000	3.95000000
2026-01-11T08:00:00.0000000	3080.00000000	3090.00000000	3080.00000000	3087.60000000	1.01670000
2026-01-11T07:30:00.0000000	3077.70000000	3080.00000000	3075.50000000	3078.30000000	0.88540000
2026-01-11T07:00:00.0000000	3077.70000000	3082.40000000	3075.60000000	3077.90000000	1.12220000
2026-01-11T06:30:00.0000000	3079.30000000	3082.40000000	3076.80000000	3081.80000000	1.65430000
2026-01-11T06:00:00.0000000	3083.50000000	3087.00000000	3075.10000000	3079.20000000	2.52300000
2026-01-11T05:30:00.0000000	3083.10000000	3088.10000000	3082.70000000	3086.10000000	3.11640000
2026-01-11T05:00:00.0000000	3086.20000000	3086.20000000	3081.10000000	3083.20000000	2.36570000
2026-01-11T04:30:00.0000000	3082.60000000	3086.50000000	3081.20000000	3081.70000000	0.73980000
2026-01-11T04:00:00.0000000	3085.80000000	3086.10000000	3079.00000000	3084.90000000	0.94760000
2026-01-11T03:30:00.0000000	3080.80000000	3086.30000000	3080.80000000	3084.30000000	1.39510000
2026-01-11T03:00:00.0000000	3082.90000000	3085.00000000	3079.90000000	3082.80000000	1.70120000
2026-01-11T02:30:00.0000000	3085.40000000	3085.40000000	3080.00000000	3080.50000000	1.15840000
2026-01-11T02:00:00.0000000	3083.70000000	3087.70000000	3080.80000000	3083.60000000	2.40300000
2026-01-11T01:30:00.0000000	3080.90000000	3085.90000000	3078.00000000	3085.90000000	3.59100000
2026-01-11T01:00:00.0000000	3083.10000000	3083.60000000	3080.40000000	3080.50000000	1.19390000
2026-01-11T00:30:00.0000000	3081.10000000	3082.60000000	3077.70000000	3081.00000000	0.87460000
2026-01-11T00:00:00.0000000	3076.40000000	3081.30000000	3071.90000000	3081.30000000	2.84700000
2026-01-10T23:30:00.0000000	3070.60000000	3072.80000000	3066.30000000	3070.10000000	2.78220000
2026-01-10T23:00:00.0000000	3066.60000000	3072.00000000	3065.00000000	3070.70000000	2.74090000
2026-01-10T22:30:00.0000000	3068.70000000	3074.20000000	3065.00000000	3065.00000000	4.10970000
2026-01-10T22:00:00.0000000	3075.00000000	3075.00000000	3063.40000000	3068.50000000	3.22010000
2026-01-10T21:30:00.0000000	3075.50000000	3077.30000000	3071.50000000	3071.80000000	2.40650000
2026-01-10T21:00:00.0000000	3074.90000000	3077.10000000	3072.50000000	3075.50000000	1.72930000
2026-01-10T20:30:00.0000000	3078.60000000	3080.40000000	3074.80000000	3077.10000000	2.54540000
2026-01-10T20:00:00.0000000	3078.80000000	3083.90000000	3076.60000000	3078.60000000	1.15730000
2026-01-10T19:30:00.0000000	3079.60000000	3080.70000000	3076.80000000	3079.20000000	0.58030000
2026-01-10T19:00:00.0000000	3082.70000000	3083.40000000	3076.10000000	3079.60000000	4.52960000
2026-01-10T18:30:00.0000000	3082.50000000	3086.20000000	3078.90000000	3081.30000000	4.08260000
2026-01-10T18:00:00.0000000	3081.20000000	3083.30000000	3075.90000000	3082.80000000	7.27810000
2026-01-10T17:30:00.0000000	3083.70000000	3087.70000000	3080.10000000	3082.20000000	4.33220000
2026-01-10T17:00:00.0000000	3087.20000000	3089.10000000	3082.40000000	3086.50000000	3.24170000
2026-01-10T16:30:00.0000000	3088.40000000	3088.50000000	3080.70000000	3085.80000000	3.35940000
2026-01-10T16:00:00.0000000	3085.40000000	3088.60000000	3063.90000000	3084.70000000	14.10090000
2026-01-10T15:30:00.0000000	3077.60000000	3080.00000000	3074.60000000	3078.50000000	4.90760000
2026-01-10T15:00:00.0000000	3076.40000000	3078.90000000	3073.20000000	3076.10000000	5.12220000
2026-01-10T14:30:00.0000000	3076.80000000	3081.40000000	3072.20000000	3076.20000000	2.82140000
2026-01-10T14:00:00.0000000	3078.40000000	3081.70000000	3074.90000000	3078.40000000	6.43510000
2026-01-10T13:30:00.0000000	3083.10000000	3084.00000000	3079.30000000	3079.80000000	6.01510000
2026-01-10T13:00:00.0000000	3087.30000000	3087.30000000	3080.10000000	3080.10000000	1.91570000
2026-01-10T12:30:00.0000000	3085.00000000	3086.30000000	3080.10000000	3085.00000000	2.67830000
2026-01-10T12:00:00.0000000	3086.00000000	3090.30000000	3081.40000000	3083.00000000	3.47580000
2026-01-10T11:30:00.0000000	3087.90000000	3087.90000000	3079.30000000	3083.70000000	3.44890000
2026-01-10T11:00:00.0000000	3092.90000000	3093.00000000	3083.90000000	3083.90000000	2.43140000
2026-01-10T10:30:00.0000000	3084.60000000	3093.00000000	3079.20000000	3090.10000000	2.16420000
2026-01-10T10:00:00.0000000	3085.20000000	3088.20000000	3082.40000000	3087.90000000	3.35310000
2026-01-10T09:30:00.0000000	3084.30000000	3085.20000000	3076.30000000	3085.10000000	1.91610000
2026-01-10T09:00:00.0000000	3080.30000000	3084.30000000	3078.50000000	3084.30000000	2.61880000
2026-01-10T08:30:00.0000000	3079.90000000	3080.60000000	3077.90000000	3079.70000000	2.29680000
2026-01-10T08:00:00.0000000	3081.30000000	3084.30000000	3076.10000000	3079.80000000	3.16940000
2026-01-10T07:30:00.0000000	3075.90000000	3077.20000000	3071.50000000	3077.20000000	2.63120000
2026-01-10T07:00:00.0000000	3069.70000000	3079.30000000	3069.70000000	3074.00000000	2.60530000
2026-01-10T06:30:00.0000000	3072.70000000	3074.60000000	3068.50000000	3074.40000000	1.33990000
2026-01-10T06:00:00.0000000	3072.80000000	3077.80000000	3067.10000000	3070.60000000	2.24820000
2026-01-10T05:30:00.0000000	3070.70000000	3075.60000000	3068.10000000	3071.90000000	0.78630000
2026-01-10T05:00:00.0000000	3067.20000000	3073.50000000	3065.70000000	3070.20000000	2.08160000
2026-01-10T04:30:00.0000000	3069.40000000	3072.40000000	3068.50000000	3070.10000000	0.46750000
2026-01-10T04:00:00.0000000	3077.30000000	3077.30000000	3067.70000000	3069.40000000	0.15900000
2026-01-10T03:30:00.0000000	3073.40000000	3077.60000000	3071.00000000	3076.90000000	4.76620000
2026-01-10T03:00:00.0000000	3076.00000000	3077.70000000	3068.70000000	3074.60000000	4.87620000
2026-01-10T02:30:00.0000000	3080.70000000	3080.70000000	3070.30000000	3076.80000000	8.97360000
2026-01-10T02:00:00.0000000	3080.80000000	3082.50000000	3077.90000000	3081.10000000	5.26200000
2026-01-10T01:30:00.0000000	3079.80000000	3080.70000000	3074.60000000	3074.70000000	6.52630000
2026-01-10T01:00:00.0000000	3072.50000000	3081.80000000	3072.50000000	3079.00000000	2.17130000
2026-01-10T00:30:00.0000000	3078.50000000	3079.00000000	3070.20000000	3073.40000000	3.14030000
2026-01-10T00:00:00.0000000	3072.40000000	3080.90000000	3072.10000000	3078.70000000	2.47660000
2026-01-09T23:30:00.0000000	3074.00000000	3077.10000000	3068.90000000	3071.60000000	2.76220000
2026-01-09T23:00:00.0000000	3065.90000000	3075.20000000	3065.80000000	3075.20000000	1.57850000
2026-01-09T22:30:00.0000000	3064.90000000	3072.30000000	3061.00000000	3071.20000000	4.15360000
2026-01-09T22:00:00.0000000	3069.50000000	3073.40000000	3059.40000000	3063.40000000	1.54330000
2026-01-09T21:30:00.0000000	3078.20000000	3079.00000000	3065.40000000	3071.50000000	2.49180000
2026-01-09T21:00:00.0000000	3057.80000000	3078.20000000	3057.00000000	3077.30000000	4.00880000
2026-01-09T20:30:00.0000000	3068.50000000	3078.00000000	3058.20000000	3058.20000000	7.03050000
2026-01-09T20:00:00.0000000	3067.90000000	3077.10000000	3062.90000000	3067.00000000	3.83390000
2026-01-09T19:30:00.0000000	3063.10000000	3070.30000000	3057.00000000	3063.10000000	0.90860000
2026-01-09T19:00:00.0000000	3082.80000000	3082.80000000	3057.10000000	3057.60000000	3.11510000
2026-01-09T18:30:00.0000000	3074.70000000	3084.40000000	3064.40000000	3078.80000000	1.61590000
2026-01-09T18:00:00.0000000	3104.60000000	3106.20000000	3070.60000000	3073.80000000	3.40650000
2026-01-09T17:30:00.0000000	3101.50000000	3107.20000000	3094.40000000	3105.80000000	1.55170000
2026-01-09T17:00:00.0000000	3125.00000000	3125.00000000	3097.70000000	3102.80000000	6.07350000
2026-01-09T16:30:00.0000000	3111.20000000	3124.60000000	3111.00000000	3121.70000000	4.77470000
2026-01-09T16:00:00.0000000	3107.90000000	3127.40000000	3102.70000000	3118.50000000	8.11540000
2026-01-09T15:30:00.0000000	3081.40000000	3123.00000000	3081.20000000	3093.20000000	9.37220000
2026-01-09T15:00:00.0000000	3063.10000000	3086.90000000	3043.70000000	3086.90000000	4.84210000
2026-01-09T14:30:00.0000000	3081.10000000	3081.10000000	3035.10000000	3062.30000000	9.66630000
2026-01-09T14:00:00.0000000	3083.20000000	3085.80000000	3066.80000000	3080.80000000	3.18760000
2026-01-09T13:30:00.0000000	3086.10000000	3094.20000000	3078.10000000	3085.80000000	8.48310000
2026-01-09T13:00:00.0000000	3073.20000000	3087.30000000	3068.00000000	3085.80000000	7.50100000
2026-01-09T12:30:00.0000000	3073.70000000	3076.10000000	3069.90000000	3069.90000000	5.00480000
2026-01-09T12:00:00.0000000	3079.30000000	3082.20000000	3068.70000000	3070.70000000	1.47740000
2026-01-09T11:30:00.0000000	3088.90000000	3089.60000000	3075.40000000	3076.80000000	1.65990000
2026-01-09T11:00:00.0000000	3087.60000000	3091.40000000	3082.80000000	3087.50000000	3.52820000
2026-01-09T10:30:00.0000000	3082.70000000	3087.60000000	3081.90000000	3085.50000000	2.35890000
2026-01-09T10:00:00.0000000	3080.30000000	3086.50000000	3076.50000000	3085.70000000	7.30900000
2026-01-09T09:30:00.0000000	3087.00000000	3089.20000000	3080.20000000	3080.20000000	4.46380000
2026-01-09T09:00:00.0000000	3073.70000000	3089.10000000	3073.70000000	3089.10000000	1.48500000
2026-01-09T08:30:00.0000000	3100.20000000	3100.40000000	3057.20000000	3066.50000000	8.42550000
2026-01-09T08:00:00.0000000	3094.40000000	3103.60000000	3089.90000000	3096.90000000	2.07080000
2026-01-09T07:30:00.0000000	3093.80000000	3099.80000000	3087.80000000	3087.80000000	2.63070000
2026-01-09T07:00:00.0000000	3098.80000000	3105.40000000	3091.90000000	3098.80000000	4.01390000
2026-01-09T06:30:00.0000000	3101.90000000	3107.80000000	3097.30000000	3098.00000000	2.85630000
2026-01-09T06:00:00.0000000	3097.70000000	3105.50000000	3089.20000000	3096.50000000	4.24860000
2026-01-09T05:30:00.0000000	3098.60000000	3103.50000000	3092.40000000	3096.80000000	3.46940000
2026-01-09T05:00:00.0000000	3098.40000000	3104.80000000	3084.20000000	3102.70000000	3.22130000
2026-01-09T04:30:00.0000000	3101.50000000	3107.20000000	3092.80000000	3099.00000000	7.82810000
2026-01-09T04:00:00.0000000	3070.10000000	3108.30000000	3065.00000000	3101.00000000	3.33830000
2026-01-09T03:30:00.0000000	3075.20000000	3080.50000000	3067.00000000	3068.30000000	0.97350000
2026-01-09T03:00:00.0000000	3084.00000000	3103.90000000	3060.00000000	3070.20000000	2.64730000
2026-01-09T02:30:00.0000000	3081.90000000	3095.50000000	3076.90000000	3083.20000000	1.02220000
2026-01-09T02:00:00.0000000	3078.90000000	3092.60000000	3055.60000000	3076.00000000	3.15170000
2026-01-09T01:30:00.0000000	3092.90000000	3100.00000000	3055.00000000	3072.00000000	4.05490000
2026-01-09T01:00:00.0000000	3067.10000000	3098.90000000	3067.10000000	3084.10000000	1.22690000
2026-01-09T00:30:00.0000000	3067.40000000	3098.90000000	3065.90000000	3065.90000000	0.49990000
2026-01-09T00:00:00.0000000	3058.00000000	3081.50000000	3058.00000000	3067.40000000	0.84780000
2026-01-08T23:30:00.0000000	3075.40000000	3094.30000000	3048.80000000	3062.60000000	5.02300000
2026-01-08T23:00:00.0000000	3100.60000000	3103.70000000	3058.30000000	3081.00000000	1.78910000
2026-01-08T22:30:00.0000000	3083.50000000	3103.50000000	3051.30000000	3097.60000000	1.88340000
2026-01-08T22:00:00.0000000	3085.10000000	3106.70000000	3061.10000000	3081.30000000	2.47320000
2026-01-08T21:30:00.0000000	3085.70000000	3105.50000000	3047.00000000	3083.00000000	12.38550000
2026-01-08T21:00:00.0000000	3064.40000000	3098.20000000	3052.60000000	3091.30000000	2.09730000
2026-01-08T20:30:00.0000000	3075.00000000	3085.20000000	3048.10000000	3070.20000000	3.58430000
2026-01-08T20:00:00.0000000	3076.60000000	3081.20000000	3060.80000000	3075.40000000	2.50700000
2026-01-08T19:30:00.0000000	3101.10000000	3112.50000000	3060.10000000	3076.70000000	2.89640000
2026-01-08T19:00:00.0000000	3107.30000000	3114.00000000	3057.30000000	3104.30000000	2.67190000
2026-01-08T18:30:00.0000000	3083.70000000	3115.10000000	3066.50000000	3109.30000000	1.22230000
2026-01-08T18:00:00.0000000	3078.80000000	3103.60000000	3064.20000000	3085.40000000	2.38680000
2026-01-08T17:30:00.0000000	3102.10000000	3106.40000000	3056.70000000	3077.30000000	2.66990000
2026-01-08T17:00:00.0000000	3073.70000000	3112.40000000	3061.00000000	3102.30000000	1.56620000
2026-01-08T16:30:00.0000000	3086.80000000	3092.10000000	3054.20000000	3077.10000000	4.27270000
2026-01-08T16:00:00.0000000	3073.00000000	3089.00000000	3059.60000000	3089.00000000	1.91820000
2026-01-08T15:30:00.0000000	3070.70000000	3079.80000000	2972.70000000	3065.70000000	8.50690000
2026-01-08T15:00:00.0000000	3051.50000000	3087.60000000	3037.30000000	3065.10000000	3.65840000
2026-01-08T14:30:00.0000000	3054.80000000	3063.80000000	3031.40000000	3052.40000000	4.35110000
2026-01-08T14:00:00.0000000	3080.20000000	3080.20000000	3048.60000000	3055.10000000	3.19640000
2026-01-08T13:30:00.0000000	3056.60000000	3085.70000000	3056.60000000	3075.90000000	3.04640000
2026-01-08T13:00:00.0000000	3055.90000000	3084.30000000	3049.00000000	3051.50000000	1.65670000
2026-01-08T12:30:00.0000000	3081.80000000	3093.40000000	3048.70000000	3050.50000000	3.28670000
2026-01-08T12:00:00.0000000	3092.70000000	3101.30000000	3081.20000000	3087.30000000	1.72730000
2026-01-08T11:30:00.0000000	3101.60000000	3109.10000000	3085.80000000	3106.40000000	2.21700000
2026-01-08T11:00:00.0000000	3083.00000000	3112.60000000	3067.10000000	3095.60000000	2.34640000
2026-01-08T10:30:00.0000000	3092.80000000	3109.20000000	3071.70000000	3080.20000000	3.14790000
2026-01-08T10:00:00.0000000	3071.70000000	3100.40000000	3056.10000000	3086.60000000	4.09330000
2026-01-08T09:30:00.0000000	3068.80000000	3099.50000000	3060.70000000	3068.00000000	7.65650000
2026-01-08T09:00:00.0000000	3074.00000000	3112.20000000	3064.80000000	3069.30000000	4.01130000
2026-01-08T08:30:00.0000000	3088.10000000	3117.20000000	3074.00000000	3074.00000000	3.34560000
2026-01-08T08:00:00.0000000	3079.40000000	3122.90000000	3079.40000000	3088.10000000	3.04010000
2026-01-08T07:30:00.0000000	3103.90000000	3113.90000000	3071.10000000	3079.90000000	4.55400000
2026-01-08T07:00:00.0000000	3061.30000000	3103.30000000	3050.00000000	3103.30000000	4.87950000
2026-01-08T06:30:00.0000000	3100.60000000	3107.30000000	3061.30000000	3061.30000000	7.10330000
2026-01-08T06:00:00.0000000	3106.00000000	3119.20000000	3074.20000000	3093.20000000	7.86780000
2026-01-08T05:30:00.0000000	3133.70000000	3139.70000000	3106.80000000	3106.90000000	3.44020000
2026-01-08T05:00:00.0000000	3128.40000000	3146.70000000	3115.60000000	3128.30000000	3.54240000
2026-01-08T04:30:00.0000000	3127.60000000	3144.30000000	3119.50000000	3126.80000000	4.49270000
2026-01-08T04:00:00.0000000	3122.40000000	3141.80000000	3110.50000000	3127.10000000	3.40800000
2026-01-08T03:30:00.0000000	3138.00000000	3143.60000000	3109.40000000	3122.30000000	3.13130000
2026-01-08T03:00:00.0000000	3137.00000000	3151.60000000	3127.60000000	3141.50000000	4.02530000
2026-01-08T02:30:00.0000000	3131.80000000	3155.90000000	3115.10000000	3141.60000000	8.76890000
2026-01-08T02:00:00.0000000	3165.10000000	3169.10000000	3115.20000000	3135.80000000	4.52530000
2026-01-08T01:30:00.0000000	3167.40000000	3167.60000000	3152.10000000	3155.50000000	2.50290000
2026-01-08T01:00:00.0000000	3118.60000000	3168.20000000	3116.90000000	3168.20000000	1.89850000
2026-01-08T00:30:00.0000000	3117.00000000	3151.00000000	3107.00000000	3127.00000000	3.38950000
2026-01-08T00:00:00.0000000	3150.70000000	3157.40000000	3043.70000000	3122.10000000	12.98170000
2026-01-07T23:30:00.0000000	3150.90000000	3154.70000000	3128.30000000	3147.40000000	2.08080000
2026-01-07T23:00:00.0000000	3133.90000000	3151.70000000	3122.00000000	3149.80000000	1.63650000
2026-01-07T22:30:00.0000000	3116.50000000	3137.50000000	3116.50000000	3128.70000000	0.75290000
2026-01-07T22:00:00.0000000	3125.20000000	3125.20000000	3113.90000000	3120.20000000	1.31440000
2026-01-07T21:30:00.0000000	3132.60000000	3136.60000000	3112.50000000	3119.90000000	1.57460000
2026-01-07T21:00:00.0000000	3111.30000000	3131.90000000	3103.20000000	3131.10000000	1.87790000
2026-01-07T20:30:00.0000000	3109.90000000	3122.40000000	3104.20000000	3117.20000000	1.56170000
2026-01-07T20:00:00.0000000	3128.20000000	3135.30000000	3101.70000000	3104.80000000	2.09080000
2026-01-07T19:30:00.0000000	3109.60000000	3132.00000000	3107.20000000	3122.80000000	2.26920000
2026-01-07T19:00:00.0000000	3114.00000000	3141.20000000	3103.60000000	3109.50000000	5.59210000
2026-01-07T18:30:00.0000000	3128.60000000	3151.50000000	3110.20000000	3114.30000000	1.36630000
2026-01-07T18:00:00.0000000	3125.20000000	3143.30000000	3105.70000000	3132.50000000	6.01460000
2026-01-07T17:30:00.0000000	3136.00000000	3147.00000000	3120.50000000	3125.20000000	2.09820000
2026-01-07T17:00:00.0000000	3148.90000000	3151.10000000	3127.60000000	3136.20000000	5.94760000
2026-01-07T16:30:00.0000000	3159.10000000	3159.10000000	3132.80000000	3149.40000000	2.38470000
2026-01-07T16:00:00.0000000	3110.80000000	3162.10000000	3108.70000000	3159.50000000	2.91140000
2026-01-07T15:30:00.0000000	3102.30000000	3146.20000000	3094.20000000	3110.90000000	3.20590000
2026-01-07T15:00:00.0000000	3136.20000000	3176.50000000	3094.50000000	3101.50000000	5.06160000
2026-01-07T14:30:00.0000000	3141.70000000	3181.00000000	3130.40000000	3131.60000000	4.56230000
2026-01-07T14:00:00.0000000	3168.80000000	3168.90000000	3135.00000000	3145.60000000	2.65360000
2026-01-07T13:30:00.0000000	3187.70000000	3209.70000000	3158.70000000	3170.00000000	3.72770000
2026-01-07T13:00:00.0000000	3161.20000000	3206.10000000	3154.40000000	3184.60000000	3.96380000
2026-01-07T12:30:00.0000000	3168.40000000	3205.10000000	3155.40000000	3161.20000000	5.25700000
2026-01-07T12:00:00.0000000	3179.80000000	3204.70000000	3159.70000000	3174.70000000	3.33540000
2026-01-07T11:30:00.0000000	3179.70000000	3181.80000000	3174.50000000	3179.80000000	1.12490000
2026-01-07T11:00:00.0000000	3205.10000000	3211.70000000	3166.20000000	3177.90000000	3.98220000
2026-01-07T10:30:00.0000000	3177.30000000	3213.60000000	3173.70000000	3209.70000000	4.88870000
2026-01-07T10:00:00.0000000	3163.00000000	3173.70000000	3156.90000000	3173.70000000	2.15090000
2026-01-07T09:30:00.0000000	3181.50000000	3194.00000000	3144.20000000	3160.60000000	5.00390000
2026-01-07T09:00:00.0000000	3232.20000000	3232.30000000	3178.70000000	3180.60000000	4.00270000
2026-01-07T08:30:00.0000000	3236.30000000	3245.40000000	3227.20000000	3229.00000000	2.20230000
2026-01-07T08:00:00.0000000	3208.20000000	3253.30000000	3205.60000000	3236.10000000	2.95120000
2026-01-07T07:30:00.0000000	3240.70000000	3243.30000000	3196.00000000	3203.30000000	5.22840000
2026-01-07T07:00:00.0000000	3212.80000000	3242.20000000	3192.50000000	3241.70000000	6.16270000
2026-01-07T06:30:00.0000000	3234.90000000	3237.40000000	3189.30000000	3213.10000000	5.91170000
2026-01-07T06:00:00.0000000	3197.50000000	3241.60000000	3178.60000000	3240.60000000	7.02380000
2026-01-07T05:30:00.0000000	3238.30000000	3239.50000000	3194.40000000	3198.80000000	2.70560000
2026-01-07T05:00:00.0000000	3223.80000000	3244.10000000	3223.80000000	3233.10000000	1.28990000
2026-01-07T04:30:00.0000000	3243.00000000	3250.80000000	3206.80000000	3229.40000000	2.82090000
2026-01-07T04:00:00.0000000	3212.40000000	3252.10000000	3209.40000000	3245.40000000	2.79120000
2026-01-07T03:30:00.0000000	3259.10000000	3263.30000000	3210.90000000	3212.40000000	5.15540000
2026-01-07T03:00:00.0000000	3255.00000000	3265.50000000	3211.60000000	3263.30000000	5.97200000
2026-01-07T02:30:00.0000000	3205.60000000	3255.00000000	3205.60000000	3247.70000000	7.47080000
2026-01-07T02:00:00.0000000	3198.00000000	3205.60000000	3192.30000000	3199.20000000	0.83910000
2026-01-07T01:30:00.0000000	3213.30000000	3245.40000000	3191.00000000	3192.10000000	2.30820000
2026-01-07T01:00:00.0000000	3236.00000000	3248.20000000	3195.40000000	3209.90000000	1.73240000
2026-01-07T00:30:00.0000000	3243.90000000	3250.00000000	3222.10000000	3238.60000000	0.84730000
2026-01-07T00:00:00.0000000	3280.90000000	3284.70000000	3233.10000000	3236.20000000	3.11910000
2026-01-06T23:30:00.0000000	3262.80000000	3280.80000000	3222.20000000	3276.90000000	3.82970000
2026-01-06T23:00:00.0000000	3234.20000000	3267.20000000	3231.80000000	3267.20000000	1.00170000
2026-01-06T22:30:00.0000000	3226.20000000	3233.90000000	3221.00000000	3229.00000000	0.60730000
2026-01-06T22:00:00.0000000	3262.80000000	3268.70000000	3214.60000000	3225.80000000	2.23160000
2026-01-06T21:30:00.0000000	3250.00000000	3276.00000000	3219.60000000	3257.60000000	5.47940000
2026-01-06T21:00:00.0000000	3224.70000000	3250.00000000	3216.50000000	3250.00000000	3.14370000
2026-01-06T20:30:00.0000000	3217.40000000	3235.50000000	3214.30000000	3225.00000000	4.01760000
2026-01-06T20:00:00.0000000	3194.60000000	3216.70000000	3194.60000000	3216.70000000	1.00430000
2026-01-06T19:30:00.0000000	3185.30000000	3195.90000000	3185.30000000	3194.60000000	0.94480000
2026-01-06T19:00:00.0000000	3169.20000000	3213.10000000	3153.60000000	3185.10000000	2.10650000
2026-01-06T18:30:00.0000000	3155.90000000	3169.30000000	3155.90000000	3165.30000000	1.47820000
2026-01-06T18:00:00.0000000	3146.60000000	3156.00000000	3133.30000000	3155.80000000	2.45250000
2026-01-06T17:30:00.0000000	3229.70000000	3238.00000000	3122.60000000	3155.40000000	6.36430000
2026-01-06T17:00:00.0000000	3226.00000000	3231.40000000	3222.00000000	3228.50000000	1.82520000
2026-01-06T16:30:00.0000000	3206.30000000	3239.20000000	3173.10000000	3225.30000000	2.75910000
2026-01-06T16:00:00.0000000	3224.90000000	3267.10000000	3193.60000000	3208.70000000	3.26130000
2026-01-06T15:30:00.0000000	3280.50000000	3280.50000000	3187.90000000	3249.70000000	1.35310000
2026-01-06T15:00:00.0000000	3242.70000000	3281.80000000	3202.80000000	3279.70000000	1.69360000
2026-01-06T14:30:00.0000000	3231.80000000	3256.10000000	3221.20000000	3245.50000000	1.52740000
2026-01-06T14:00:00.0000000	3211.80000000	3239.40000000	3205.70000000	3236.50000000	3.34940000
2026-01-06T13:30:00.0000000	3217.40000000	3218.90000000	3211.20000000	3216.80000000	0.74600000
2026-01-06T13:00:00.0000000	3223.50000000	3223.50000000	3211.80000000	3211.80000000	1.30420000
2026-01-06T12:30:00.0000000	3226.00000000	3226.10000000	3220.50000000	3220.80000000	1.18560000
2026-01-06T12:00:00.0000000	3225.30000000	3228.30000000	3220.50000000	3220.50000000	1.28890000
2026-01-06T11:30:00.0000000	3226.80000000	3228.20000000	3220.50000000	3220.50000000	0.96810000
2026-01-06T11:00:00.0000000	3216.70000000	3226.40000000	3171.20000000	3221.60000000	2.36690000
2026-01-06T10:30:00.0000000	3165.10000000	3221.60000000	3153.20000000	3220.40000000	3.81030000
2026-01-06T10:00:00.0000000	3160.00000000	3218.80000000	3155.40000000	3165.80000000	2.00250000
2026-01-06T09:30:00.0000000	3164.60000000	3167.40000000	3158.60000000	3160.10000000	1.13880000
2026-01-06T09:00:00.0000000	3170.60000000	3178.10000000	3159.10000000	3159.70000000	2.00320000
2026-01-06T08:30:00.0000000	3163.90000000	3210.80000000	3163.80000000	3183.90000000	3.27210000
2026-01-06T08:00:00.0000000	3177.20000000	3192.60000000	3159.20000000	3164.60000000	1.03170000
2026-01-06T07:30:00.0000000	3197.20000000	3201.50000000	3170.90000000	3170.90000000	1.14960000
2026-01-06T07:00:00.0000000	3219.40000000	3227.20000000	3155.30000000	3195.80000000	2.09160000
2026-01-06T06:30:00.0000000	3194.50000000	3226.90000000	3189.20000000	3226.90000000	1.40300000
2026-01-06T06:00:00.0000000	3204.80000000	3206.50000000	3189.40000000	3194.50000000	0.81450000
2026-01-06T05:30:00.0000000	3176.30000000	3205.20000000	3175.10000000	3205.20000000	1.16430000
2026-01-06T05:00:00.0000000	3178.80000000	3182.70000000	3174.10000000	3181.50000000	1.12420000
2026-01-06T04:30:00.0000000	3196.30000000	3196.30000000	3169.40000000	3180.70000000	0.75920000
2026-01-06T04:00:00.0000000	3156.00000000	3215.20000000	3153.20000000	3196.30000000	1.19960000
2026-01-06T03:30:00.0000000	3164.90000000	3164.90000000	3156.70000000	3161.70000000	0.71490000
2026-01-06T03:00:00.0000000	3154.30000000	3165.50000000	3154.30000000	3165.10000000	0.46050000
2026-01-06T02:30:00.0000000	3172.50000000	3180.90000000	3157.10000000	3157.10000000	0.73580000
2026-01-06T02:00:00.0000000	3208.90000000	3209.90000000	3149.70000000	3174.70000000	1.23830000
2026-01-06T01:30:00.0000000	3209.90000000	3222.10000000	3157.10000000	3208.80000000	2.17590000
2026-01-06T01:00:00.0000000	3193.40000000	3208.00000000	3193.40000000	3204.10000000	0.84720000
2026-01-06T00:30:00.0000000	3197.20000000	3202.50000000	3191.10000000	3198.50000000	1.33850000
2026-01-06T00:00:00.0000000	3145.50000000	3211.90000000	3143.10000000	3196.90000000	4.60620000
2026-01-05T23:30:00.0000000	3210.40000000	3216.60000000	3109.70000000	3146.80000000	12.66280000
2026-01-05T23:00:00.0000000	3214.30000000	3219.90000000	3126.20000000	3211.40000000	1.43120000
2026-01-05T22:30:00.0000000	3201.90000000	3230.20000000	3197.20000000	3206.30000000	3.71290000
2026-01-05T22:00:00.0000000	3206.60000000	3220.30000000	3196.00000000	3197.20000000	1.62910000
2026-01-05T21:30:00.0000000	3218.60000000	3225.30000000	3114.50000000	3205.50000000	3.94520000
2026-01-05T21:00:00.0000000	3199.90000000	3232.60000000	3117.40000000	3222.70000000	4.16530000
2026-01-05T20:30:00.0000000	3179.60000000	3243.30000000	3118.20000000	3228.20000000	6.38900000
2026-01-05T20:00:00.0000000	3138.80000000	3250.00000000	3120.30000000	3179.60000000	3.26010000
2026-01-05T19:30:00.0000000	3116.50000000	3161.30000000	3112.80000000	3136.10000000	3.23560000
2026-01-05T19:00:00.0000000	3191.90000000	3213.20000000	3109.00000000	3117.30000000	1.55060000
2026-01-05T18:30:00.0000000	3164.10000000	3214.60000000	3161.60000000	3210.20000000	1.90260000
2026-01-05T18:00:00.0000000	3155.40000000	3165.30000000	3155.20000000	3164.10000000	0.69890000
2026-01-05T17:30:00.0000000	3115.40000000	3167.30000000	3115.40000000	3161.40000000	2.18120000
2026-01-05T17:00:00.0000000	3131.90000000	3151.90000000	3079.20000000	3134.90000000	3.49090000
2026-01-05T16:30:00.0000000	3137.10000000	3150.70000000	3080.40000000	3150.70000000	3.50470000
2026-01-05T16:00:00.0000000	3127.30000000	3139.40000000	3122.50000000	3132.00000000	2.75530000
2026-01-05T15:30:00.0000000	3132.00000000	3153.40000000	3100.60000000	3122.90000000	4.11660000
2026-01-05T15:00:00.0000000	3069.70000000	3159.30000000	3056.10000000	3132.00000000	1.94570000
2026-01-05T14:30:00.0000000	3078.80000000	3167.40000000	3037.30000000	3062.50000000	4.92970000
2026-01-05T14:00:00.0000000	3054.30000000	3147.10000000	3051.20000000	3078.80000000	1.96230000
2026-01-05T13:30:00.0000000	3109.80000000	3154.50000000	3053.70000000	3053.80000000	3.10870000
2026-01-05T13:00:00.0000000	3083.30000000	3167.40000000	3057.90000000	3060.90000000	3.12300000
2026-01-05T12:30:00.0000000	3157.10000000	3171.50000000	3067.10000000	3074.70000000	5.60940000
2026-01-05T12:00:00.0000000	3177.50000000	3180.40000000	3060.60000000	3171.40000000	11.32280000
2026-01-05T11:30:00.0000000	3140.00000000	3178.70000000	3060.60000000	3176.60000000	10.20630000
2026-01-05T11:00:00.0000000	3120.60000000	3175.40000000	3092.40000000	3134.00000000	2.84350000
2026-01-05T10:30:00.0000000	3146.80000000	3171.40000000	3088.30000000	3131.30000000	1.56690000
2026-01-05T10:00:00.0000000	3117.90000000	3173.30000000	3097.70000000	3134.70000000	1.36010000
2026-01-05T09:30:00.0000000	3142.30000000	3162.60000000	3088.70000000	3117.90000000	1.02050000
2026-01-05T09:00:00.0000000	3123.20000000	3162.80000000	3122.20000000	3156.20000000	4.91770000
2026-01-05T08:30:00.0000000	3134.40000000	3143.10000000	3121.60000000	3122.70000000	1.21010000
2026-01-05T08:00:00.0000000	3108.60000000	3166.40000000	3098.50000000	3149.30000000	2.32700000
2026-01-05T07:30:00.0000000	3150.10000000	3155.90000000	3067.10000000	3108.60000000	4.37120000
2026-01-05T07:00:00.0000000	3129.60000000	3158.40000000	3129.60000000	3153.70000000	3.49450000
2026-01-05T06:30:00.0000000	3118.70000000	3149.90000000	3116.00000000	3129.30000000	1.83230000
2026-01-05T06:00:00.0000000	3125.70000000	3150.70000000	3110.60000000	3121.40000000	2.73490000
2026-01-05T05:30:00.0000000	3162.10000000	3162.50000000	3099.30000000	3125.60000000	4.48010000
2026-01-05T05:00:00.0000000	3075.00000000	3163.60000000	3036.00000000	3162.90000000	7.45690000
2026-01-05T04:30:00.0000000	3162.30000000	3164.70000000	3035.70000000	3104.50000000	46.30220000
2026-01-05T04:00:00.0000000	3180.30000000	3201.30000000	3042.70000000	3162.70000000	167.66130000
2026-01-05T03:30:00.0000000	3320.90000000	3320.90000000	3059.20000000	3173.90000000	124.47850000
2026-01-05T03:00:00.0000000	3318.40000000	3321.80000000	3314.50000000	3314.50000000	0.09300000
2026-01-05T02:30:00.0000000	3315.70000000	3318.40000000	3314.50000000	3318.40000000	0.13810000
2026-01-05T02:00:00.0000000	3322.10000000	3328.30000000	3314.50000000	3314.50000000	0.50900000
2026-01-05T01:30:00.0000000	3312.80000000	3342.70000000	3294.20000000	3324.60000000	0.50400000
2026-01-05T01:00:00.0000000	3292.70000000	3315.80000000	3292.10000000	3304.90000000	0.25190000
2026-01-05T00:30:00.0000000	3277.80000000	3297.30000000	3266.60000000	3297.30000000	0.33640000
2026-01-05T00:00:00.0000000	3263.10000000	3284.40000000	3263.10000000	3284.10000000	0.45320000
2026-01-04T23:30:00.0000000	3268.60000000	3269.80000000	3263.10000000	3269.80000000	0.13390000
2026-01-04T23:00:00.0000000	3266.30000000	3274.80000000	3264.70000000	3269.90000000	0.33420000
2026-01-04T22:30:00.0000000	3264.50000000	3264.50000000	3261.50000000	3263.10000000	0.28540000
2026-01-04T22:00:00.0000000	3267.20000000	3274.60000000	3262.50000000	3264.70000000	0.21460000
2026-01-04T21:30:00.0000000	3270.20000000	3270.20000000	3270.20000000	3270.20000000	0.00320000
2026-01-04T21:00:00.0000000	3230.60000000	3278.60000000	3230.60000000	3271.00000000	1.11500000
2026-01-04T20:30:00.0000000	3262.30000000	3263.30000000	3188.70000000	3263.30000000	0.85070000
2026-01-04T20:00:00.0000000	3255.10000000	3262.30000000	3255.10000000	3262.30000000	0.26200000
2026-01-04T19:30:00.0000000	3253.10000000	3255.10000000	3252.30000000	3255.10000000	0.14840000
2026-01-04T19:00:00.0000000	3255.00000000	3255.60000000	3245.30000000	3253.10000000	0.66050000
2026-01-04T18:30:00.0000000	3256.00000000	3257.60000000	3256.00000000	3257.60000000	0.03820000
2026-01-04T18:00:00.0000000	3262.90000000	3262.90000000	3234.20000000	3255.00000000	0.24700000
2026-01-04T17:30:00.0000000	3265.50000000	3265.50000000	3263.40000000	3264.20000000	0.10620000
2026-01-04T17:00:00.0000000	3263.60000000	3265.50000000	3263.60000000	3265.50000000	0.18800000
2026-01-04T16:30:00.0000000	3257.00000000	3263.40000000	3255.40000000	3262.90000000	0.74000000
2026-01-04T16:00:00.0000000	3260.50000000	3264.20000000	3251.50000000	3256.20000000	0.80680000
2026-01-04T15:30:00.0000000	3259.60000000	3259.60000000	3250.40000000	3259.00000000	0.68880000
2026-01-04T15:00:00.0000000	3260.70000000	3262.90000000	3254.90000000	3259.60000000	0.38420000
2026-01-04T14:30:00.0000000	3260.60000000	3262.50000000	3259.90000000	3260.70000000	0.20460000
2026-01-04T14:00:00.0000000	3263.90000000	3266.60000000	3259.00000000	3260.00000000	0.85520000
2026-01-04T13:30:00.0000000	3259.90000000	3263.90000000	3259.70000000	3263.90000000	0.27430000
2026-01-04T13:00:00.0000000	3262.00000000	3262.30000000	3144.00000000	3259.90000000	5.92670000
2026-01-04T12:30:00.0000000	3269.60000000	3269.60000000	3265.00000000	3265.00000000	0.07640000
2026-01-04T12:00:00.0000000	3262.90000000	3268.00000000	3149.20000000	3268.00000000	1.64550000
2026-01-04T11:30:00.0000000	3263.70000000	3263.90000000	3135.40000000	3263.90000000	14.27750000
2026-01-04T11:00:00.0000000	3262.90000000	3268.50000000	3258.90000000	3264.20000000	0.38450000
2026-01-04T10:30:00.0000000	3263.90000000	3269.10000000	3231.00000000	3265.20000000	0.64380000
2026-01-04T10:00:00.0000000	3266.80000000	3269.10000000	3242.40000000	3269.10000000	1.43440000
2026-01-04T09:30:00.0000000	3263.80000000	3268.60000000	3260.20000000	3266.80000000	0.55060000
2026-01-04T09:00:00.0000000	3261.90000000	3270.50000000	3259.40000000	3261.50000000	0.41080000
2026-01-04T08:30:00.0000000	3256.60000000	3262.80000000	3255.70000000	3261.90000000	0.86610000
2026-01-04T08:00:00.0000000	3252.50000000	3260.70000000	3249.80000000	3255.70000000	1.45030000
2026-01-04T07:30:00.0000000	3257.30000000	3260.90000000	3246.40000000	3257.80000000	0.82760000
2026-01-04T07:00:00.0000000	3255.20000000	3255.20000000	3242.40000000	3253.80000000	1.06010000
2026-01-04T06:30:00.0000000	3246.00000000	3256.00000000	3240.50000000	3256.00000000	0.52460000
2026-01-04T06:00:00.0000000	3237.20000000	3245.70000000	3237.20000000	3240.50000000	0.42200000
2026-01-04T05:30:00.0000000	3235.60000000	3237.00000000	3230.40000000	3237.00000000	0.38580000
2026-01-04T05:00:00.0000000	3235.70000000	3239.90000000	3231.10000000	3231.30000000	0.91480000
2026-01-04T04:30:00.0000000	3231.50000000	3235.60000000	3226.30000000	3235.60000000	0.57120000
2026-01-04T04:00:00.0000000	3229.60000000	3236.80000000	3224.60000000	3231.50000000	1.10660000
2026-01-04T03:30:00.0000000	3243.40000000	3246.00000000	3229.50000000	3229.50000000	0.83200000
2026-01-04T03:00:00.0000000	3223.90000000	3250.30000000	3177.90000000	3248.70000000	1.80510000
2026-01-04T02:30:00.0000000	3222.20000000	3224.80000000	3219.60000000	3219.60000000	0.08260000
2026-01-04T02:00:00.0000000	3224.60000000	3225.80000000	3217.30000000	3222.50000000	0.23430000
2026-01-04T01:30:00.0000000	3230.50000000	3231.10000000	3219.80000000	3219.80000000	0.53330000
2026-01-04T01:00:00.0000000	3219.10000000	3257.10000000	3217.70000000	3226.70000000	1.42530000
2026-01-04T00:30:00.0000000	3243.00000000	3270.20000000	3148.50000000	3221.80000000	7.60800000
2026-01-04T00:00:00.0000000	3198.90000000	3251.10000000	3153.40000000	3244.90000000	5.54490000
2026-01-03T23:30:00.0000000	3207.40000000	3207.40000000	3193.60000000	3193.60000000	0.53620000
2026-01-03T23:00:00.0000000	3137.00000000	3232.00000000	3137.00000000	3208.00000000	2.01180000
2026-01-03T22:30:00.0000000	3193.80000000	3212.20000000	3133.20000000	3139.70000000	3.06690000
2026-01-03T22:00:00.0000000	3169.70000000	3199.40000000	3169.70000000	3193.80000000	1.10850000
2026-01-03T21:30:00.0000000	3219.70000000	3224.20000000	3150.20000000	3175.10000000	2.70110000
2026-01-03T21:00:00.0000000	3224.30000000	3230.40000000	3219.30000000	3225.40000000	5.96830000
2026-01-03T20:30:00.0000000	3230.20000000	3231.50000000	3221.80000000	3224.70000000	4.87560000
2026-01-03T20:00:00.0000000	3230.70000000	3232.70000000	3112.20000000	3225.50000000	2.90750000
2026-01-03T19:30:00.0000000	3235.80000000	3235.80000000	3233.50000000	3233.50000000	0.17670000
2026-01-03T19:00:00.0000000	3236.20000000	3236.20000000	3233.60000000	3233.60000000	0.02540000
2026-01-03T18:30:00.0000000	3223.70000000	3236.50000000	3186.80000000	3236.20000000	1.54670000
2026-01-03T18:00:00.0000000	3220.00000000	3239.90000000	3209.30000000	3222.80000000	1.48410000
2026-01-03T17:30:00.0000000	3132.90000000	3225.70000000	3120.00000000	3219.90000000	4.38650000
2026-01-03T17:00:00.0000000	3224.50000000	3225.70000000	3100.30000000	3125.80000000	18.59610000
2026-01-03T16:30:00.0000000	3221.90000000	3224.70000000	3216.10000000	3218.80000000	0.71670000
2026-01-03T16:00:00.0000000	3220.30000000	3223.20000000	3214.00000000	3216.20000000	0.83710000
2026-01-03T15:30:00.0000000	3225.70000000	3225.70000000	3217.90000000	3217.90000000	0.48120000
2026-01-03T15:00:00.0000000	3219.80000000	3225.70000000	3219.80000000	3225.70000000	0.37390000
2026-01-03T14:30:00.0000000	3225.70000000	3225.70000000	3214.20000000	3223.70000000	0.88310000
2026-01-03T14:00:00.0000000	3218.30000000	3225.70000000	3135.70000000	3220.90000000	0.53670000
2026-01-03T13:30:00.0000000	3220.90000000	3225.70000000	3216.30000000	3218.40000000	0.45900000
2026-01-03T13:00:00.0000000	3221.00000000	3225.70000000	3220.20000000	3223.00000000	0.14300000
2026-01-03T12:30:00.0000000	3218.50000000	3225.70000000	3218.00000000	3225.70000000	0.21640000
2026-01-03T12:00:00.0000000	3217.00000000	3222.20000000	3209.40000000	3218.00000000	0.68320000
2026-01-03T11:30:00.0000000	3215.30000000	3221.40000000	3215.30000000	3217.00000000	0.13790000
2026-01-03T11:00:00.0000000	3218.20000000	3218.50000000	3217.20000000	3217.20000000	0.01780000
2026-01-03T10:30:00.0000000	3221.10000000	3225.70000000	3217.70000000	3219.80000000	1.17160000
2026-01-03T10:00:00.0000000	3222.50000000	3222.50000000	3220.00000000	3221.10000000	0.14860000
2026-01-03T09:30:00.0000000	3219.90000000	3227.20000000	3219.90000000	3224.80000000	0.33940000
2026-01-03T09:00:00.0000000	3218.80000000	3220.40000000	3218.80000000	3219.30000000	0.04700000
2026-01-03T08:30:00.0000000	3221.40000000	3222.50000000	3220.10000000	3220.10000000	0.07160000
2026-01-03T08:00:00.0000000	3212.30000000	3220.60000000	3211.10000000	3220.60000000	0.29710000
2026-01-03T07:30:00.0000000	3187.90000000	3212.70000000	3187.90000000	3211.70000000	1.01990000
2026-01-03T07:00:00.0000000	3221.80000000	3224.90000000	3179.50000000	3192.80000000	0.74120000
2026-01-03T06:30:00.0000000	3230.20000000	3231.00000000	3220.50000000	3222.30000000	0.09900000
2026-01-03T06:00:00.0000000	3235.20000000	3236.40000000	3228.70000000	3232.10000000	0.57230000
2026-01-03T05:30:00.0000000	3230.00000000	3235.50000000	3227.50000000	3235.40000000	0.42950000
2026-01-03T05:00:00.0000000	3239.10000000	3240.30000000	3232.40000000	3232.40000000	0.20360000
2026-01-03T04:30:00.0000000	3245.00000000	3245.00000000	3179.20000000	3239.40000000	0.34170000
2026-01-03T04:00:00.0000000	3246.50000000	3246.50000000	3246.50000000	3246.50000000	0.00540000
2026-01-03T03:30:00.0000000	3243.00000000	3247.80000000	3177.70000000	3246.30000000	0.67980000
2026-01-03T03:00:00.0000000	3248.30000000	3249.60000000	3132.80000000	3242.30000000	7.87550000
2026-01-03T02:30:00.0000000	3251.10000000	3251.50000000	3251.10000000	3251.50000000	0.21530000
2026-01-03T02:00:00.0000000	3246.30000000	3246.50000000	3244.90000000	3246.50000000	0.14540000
2026-01-03T01:30:00.0000000	3252.70000000	3253.40000000	3250.40000000	3250.40000000	0.22760000
2026-01-03T01:00:00.0000000	3244.90000000	3247.80000000	3244.90000000	3247.80000000	0.14790000
2026-01-03T00:30:00.0000000	3256.60000000	3256.60000000	3244.90000000	3244.90000000	0.08920000
2026-01-03T00:00:00.0000000	3246.80000000	3252.50000000	3150.40000000	3215.90000000	0.12420000
2026-01-02T23:30:00.0000000	3216.10000000	3216.10000000	3216.10000000	3216.10000000	0.00000000
2026-01-02T23:00:00.0000000	3216.10000000	3216.10000000	3216.10000000	3216.10000000	0.00000000
2026-01-02T22:30:00.0000000	3200.00000000	3259.90000000	3200.00000000	3216.10000000	0.14010000
2026-01-02T22:00:00.0000000	3201.70000000	3256.70000000	3148.30000000	3246.30000000	0.09240000
2026-01-02T21:30:00.0000000	3232.30000000	3252.30000000	3125.40000000	3211.50000000	0.37280000
2026-01-02T21:00:00.0000000	3229.10000000	3234.00000000	3120.70000000	3203.40000000	0.27790000
2026-01-02T20:30:00.0000000	3229.10000000	3229.10000000	3229.10000000	3229.10000000	0.00660000
2026-01-02T20:00:00.0000000	3229.10000000	3250.40000000	3229.10000000	3229.10000000	0.23720000
2026-01-02T19:30:00.0000000	3247.50000000	3250.20000000	3229.10000000	3229.10000000	1.58690000
2026-01-02T19:00:00.0000000	3230.80000000	3247.20000000	3230.80000000	3244.30000000	0.87560000
2026-01-02T18:30:00.0000000	3171.40000000	3241.60000000	3171.40000000	3230.80000000	2.98540000
2026-01-02T18:00:00.0000000	3233.70000000	3240.90000000	3133.30000000	3238.70000000	0.08800000
2026-01-02T17:30:00.0000000	3211.70000000	3245.00000000	3127.00000000	3128.80000000	0.90630000
2026-01-02T17:00:00.0000000	3181.60000000	3272.00000000	3140.00000000	3211.70000000	9.90250000
2026-01-02T16:30:00.0000000	3118.60000000	3187.90000000	3118.60000000	3181.60000000	0.31400000
2026-01-02T16:00:00.0000000	3153.60000000	3201.50000000	3091.60000000	3114.50000000	1.29050000
2026-01-02T15:30:00.0000000	3087.30000000	3170.00000000	3085.70000000	3170.00000000	0.37160000
2026-01-02T15:00:00.0000000	3142.10000000	3165.20000000	3074.50000000	3085.80000000	1.19910000
2026-01-02T14:30:00.0000000	3122.10000000	3162.00000000	3042.70000000	3162.00000000	2.30310000
2026-01-02T14:00:00.0000000	3107.00000000	3160.00000000	3042.20000000	3096.60000000	0.45510000
2026-01-02T13:30:00.0000000	3095.60000000	3137.90000000	3059.50000000	3128.30000000	4.36380000
2026-01-02T13:00:00.0000000	3099.90000000	3156.00000000	3064.40000000	3086.60000000	5.68920000
2026-01-02T12:30:00.0000000	3087.20000000	3123.40000000	3061.00000000	3101.90000000	0.59720000
2026-01-02T12:00:00.0000000	3087.60000000	3123.70000000	3059.20000000	3093.90000000	1.58730000
2026-01-02T11:30:00.0000000	3100.60000000	3122.20000000	3058.00000000	3122.20000000	3.37810000
2026-01-02T11:00:00.0000000	3128.70000000	3132.20000000	3058.00000000	3122.40000000	4.59270000
2026-01-02T10:30:00.0000000	3122.10000000	3140.60000000	3067.90000000	3131.00000000	7.78010000
2026-01-02T10:00:00.0000000	3069.20000000	3140.60000000	3059.90000000	3130.40000000	6.16320000
2026-01-02T09:30:00.0000000	3073.00000000	3082.60000000	3054.50000000	3069.80000000	0.65730000
2026-01-02T09:00:00.0000000	3072.00000000	3074.30000000	3068.40000000	3070.30000000	0.30420000
2026-01-02T08:30:00.0000000	3056.70000000	3082.60000000	3051.80000000	3072.00000000	0.49000000
2026-01-02T08:00:00.0000000	3062.10000000	3062.10000000	3048.00000000	3056.60000000	1.48790000
2026-01-02T07:30:00.0000000	3068.00000000	3075.30000000	3060.90000000	3067.80000000	0.78740000
2026-01-02T07:00:00.0000000	3072.70000000	3075.70000000	3063.10000000	3068.00000000	0.73570000
2026-01-02T06:30:00.0000000	3062.10000000	3111.30000000	3043.60000000	3075.90000000	3.12720000
2026-01-02T06:00:00.0000000	3045.20000000	3062.10000000	3028.20000000	3062.10000000	0.94780000
2026-01-02T05:30:00.0000000	3045.40000000	3049.30000000	3040.10000000	3048.30000000	0.52150000
2026-01-02T05:00:00.0000000	3047.30000000	3047.50000000	3043.30000000	3047.50000000	0.13520000
2026-01-02T04:30:00.0000000	3047.00000000	3047.50000000	3042.10000000	3042.60000000	0.22290000
2026-01-02T04:00:00.0000000	3039.90000000	3047.50000000	3038.90000000	3041.80000000	1.17830000
2026-01-02T03:30:00.0000000	3028.50000000	3047.50000000	3025.30000000	3039.90000000	1.65150000
2026-01-02T03:00:00.0000000	3024.30000000	3028.50000000	3019.50000000	3024.00000000	0.92790000
2026-01-02T02:30:00.0000000	3024.30000000	3028.50000000	3019.50000000	3019.60000000	0.77970000
2026-01-02T02:00:00.0000000	3008.80000000	3028.50000000	3006.90000000	3024.10000000	5.14080000
2026-01-02T01:30:00.0000000	3046.00000000	3047.50000000	2998.60000000	3003.30000000	8.30010000
2026-01-02T01:00:00.0000000	3044.00000000	3047.50000000	3041.10000000	3041.30000000	0.96180000
2026-01-02T00:30:00.0000000	3046.20000000	3047.50000000	3041.10000000	3041.10000000	0.86290000
2026-01-02T00:00:00.0000000	3043.50000000	3047.70000000	3041.10000000	3041.30000000	2.14160000
2026-01-01T23:30:00.0000000	3044.70000000	3050.00000000	3042.70000000	3043.50000000	2.76870000
2026-01-01T23:00:00.0000000	3049.80000000	3086.60000000	3044.70000000	3044.70000000	3.16920000
2026-01-01T22:30:00.0000000	3071.10000000	3110.70000000	2995.10000000	3049.80000000	3.33100000
2026-01-01T22:00:00.0000000	3075.00000000	3075.00000000	3069.30000000	3075.00000000	0.49780000
2026-01-01T21:30:00.0000000	3070.90000000	3107.10000000	3069.30000000	3070.40000000	1.71160000
2026-01-01T21:00:00.0000000	3071.10000000	3071.10000000	3056.80000000	3070.90000000	0.35260000
2026-01-01T20:30:00.0000000	3057.90000000	3100.00000000	3057.90000000	3069.10000000	2.61750000
2026-01-01T20:00:00.0000000	3047.60000000	3065.00000000	3045.70000000	3056.80000000	1.11220000
2026-01-01T19:30:00.0000000	3047.00000000	3064.80000000	3036.70000000	3050.10000000	1.42140000
2026-01-01T19:00:00.0000000	3035.60000000	3051.30000000	3035.60000000	3036.70000000	0.66930000
2026-01-01T18:30:00.0000000	3059.20000000	3062.30000000	3036.70000000	3036.70000000	1.02470000
2026-01-01T18:00:00.0000000	3019.10000000	3064.70000000	3018.90000000	3061.20000000	1.86370000
2026-01-01T17:30:00.0000000	3021.40000000	3022.00000000	3010.70000000	3019.10000000	1.67900000
2026-01-01T17:00:00.0000000	3046.10000000	3050.00000000	2996.20000000	3016.20000000	2.46740000
2026-01-01T16:30:00.0000000	3049.50000000	3058.90000000	2991.30000000	3048.20000000	5.48350000
2026-01-01T16:00:00.0000000	3043.20000000	3058.20000000	3040.00000000	3058.20000000	0.50340000
2026-01-01T15:30:00.0000000	3045.00000000	3050.00000000	3040.80000000	3046.80000000	0.52550000
2026-01-01T15:00:00.0000000	3064.80000000	3064.80000000	3021.00000000	3045.00000000	0.27550000
2026-01-01T14:30:00.0000000	3060.40000000	3061.50000000	3039.80000000	3048.70000000	1.21660000
2026-01-01T14:00:00.0000000	3054.10000000	3060.40000000	3049.00000000	3060.40000000	0.31880000
2026-01-01T13:30:00.0000000	3059.60000000	3059.60000000	3050.80000000	3052.00000000	0.54230000
2026-01-01T13:00:00.0000000	3066.70000000	3066.80000000	3057.40000000	3059.10000000	0.30350000
2026-01-01T12:30:00.0000000	3052.20000000	3066.80000000	3052.20000000	3066.80000000	0.05360000
2026-01-01T12:00:00.0000000	3091.30000000	3101.40000000	2993.70000000	3058.40000000	36.67960000
2026-01-01T11:30:00.0000000	3069.00000000	3082.40000000	3050.40000000	3071.60000000	0.15910000
2026-01-01T11:00:00.0000000	3072.30000000	3082.40000000	3050.00000000	3073.10000000	0.45510000
2026-01-01T10:30:00.0000000	3090.00000000	3101.80000000	3061.00000000	3080.30000000	5.32700000
2026-01-01T10:00:00.0000000	3074.30000000	3095.00000000	3069.80000000	3090.00000000	1.20130000
2026-01-01T09:30:00.0000000	3071.90000000	3073.80000000	3057.20000000	3073.80000000	0.21440000
2026-01-01T09:00:00.0000000	3049.90000000	3072.70000000	3049.90000000	3072.70000000	0.49190000
2026-01-01T08:30:00.0000000	3048.00000000	3067.60000000	3012.60000000	3035.70000000	1.47310000
2026-01-01T08:00:00.0000000	3036.90000000	3068.00000000	3030.60000000	3048.00000000	0.83480000
2026-01-01T07:30:00.0000000	3065.40000000	3065.40000000	3030.20000000	3039.50000000	0.40620000
2026-01-01T07:00:00.0000000	3061.80000000	3068.00000000	3055.60000000	3055.60000000	0.29410000
2026-01-01T06:30:00.0000000	3043.90000000	3060.20000000	3042.00000000	3058.50000000	0.08360000
2026-01-01T06:00:00.0000000	3008.20000000	3073.80000000	2997.70000000	3048.30000000	0.82140000
2026-01-01T05:30:00.0000000	3047.30000000	3094.00000000	2988.50000000	3002.00000000	22.91860000
2026-01-01T05:00:00.0000000	3052.40000000	3057.50000000	3046.80000000	3057.50000000	0.09210000
2026-01-01T04:30:00.0000000	3049.00000000	3056.70000000	3049.00000000	3056.70000000	0.19180000
2026-01-01T04:00:00.0000000	3042.40000000	3045.20000000	3035.00000000	3043.00000000	0.50230000
2026-01-01T03:30:00.0000000	3033.50000000	3041.20000000	3033.50000000	3041.20000000	0.10930000
2026-01-01T03:00:00.0000000	3034.80000000	3041.00000000	3034.60000000	3035.00000000	0.09700000
2026-01-01T02:30:00.0000000	3040.40000000	3042.60000000	3032.90000000	3038.80000000	0.30590000
2026-01-01T02:00:00.0000000	3045.20000000	3055.50000000	3021.00000000	3021.00000000	0.30560000
2026-01-01T01:30:00.0000000	3048.80000000	3056.00000000	2986.00000000	3050.20000000	3.22730000
2026-01-01T01:00:00.0000000	3044.50000000	3050.90000000	3042.00000000	3048.80000000	0.57390000
2026-01-01T00:30:00.0000000	3051.90000000	3052.50000000	3038.90000000	3039.60000000	0.42800000
2026-01-01T00:00:00.0000000	3046.00000000	3053.80000000	3043.40000000	3045.90000000	1.30140000
2025-12-31T23:30:00.0000000	3045.80000000	3051.50000000	3043.30000000	3048.20000000	1.02760000
2025-12-31T23:00:00.0000000	3044.40000000	3064.70000000	2989.70000000	3051.00000000	2.13170000
2025-12-31T22:30:00.0000000	3012.00000000	3081.20000000	2993.10000000	3044.40000000	20.18370000
2025-12-31T22:00:00.0000000	2999.50000000	3072.20000000	2993.80000000	3014.80000000	8.86280000
2025-12-31T21:30:00.0000000	2998.20000000	3000.00000000	2992.80000000	2999.60000000	0.76110000
2025-12-31T21:00:00.0000000	2988.40000000	3000.00000000	2988.40000000	2993.30000000	1.47590000
2025-12-31T20:30:00.0000000	3000.00000000	3000.00000000	2974.30000000	2984.40000000	3.69700000
2025-12-31T20:00:00.0000000	3007.20000000	3007.20000000	2987.40000000	3000.00000000	0.76310000
2025-12-31T19:30:00.0000000	3028.80000000	3040.30000000	2996.70000000	2996.70000000	1.83160000
2025-12-31T19:00:00.0000000	3031.60000000	3033.40000000	2987.40000000	3028.20000000	2.65220000
2025-12-31T18:30:00.0000000	3020.50000000	3053.50000000	3020.50000000	3031.50000000	0.22440000
2025-12-31T18:00:00.0000000	2987.30000000	3068.70000000	2987.00000000	3003.20000000	2.87540000
2025-12-31T17:30:00.0000000	2985.10000000	2992.60000000	2985.10000000	2987.00000000	2.44280000
2025-12-31T17:00:00.0000000	2994.40000000	2995.10000000	2982.60000000	2985.10000000	0.71020000
2025-12-31T16:30:00.0000000	3030.80000000	3034.00000000	2973.00000000	2993.40000000	3.32500000
2025-12-31T16:00:00.0000000	3012.70000000	3064.60000000	2989.10000000	3030.80000000	4.31410000
2025-12-31T15:30:00.0000000	3024.50000000	3028.50000000	2995.50000000	3018.80000000	2.12110000
2025-12-31T15:00:00.0000000	3053.40000000	3053.40000000	3002.40000000	3028.50000000	2.17320000
2025-12-31T14:30:00.0000000	3053.00000000	3079.80000000	3024.00000000	3051.90000000	4.27690000
2025-12-31T14:00:00.0000000	3052.60000000	3079.80000000	3028.80000000	3060.50000000	4.91220000
2025-12-31T13:30:00.0000000	3025.10000000	3070.20000000	3020.40000000	3054.80000000	2.94580000
2025-12-31T13:00:00.0000000	3009.00000000	3041.10000000	3000.80000000	3031.70000000	1.71940000
2025-12-31T12:30:00.0000000	3046.70000000	3048.20000000	3006.90000000	3013.90000000	0.95690000
2025-12-31T12:00:00.0000000	3025.30000000	3079.80000000	3007.80000000	3036.30000000	4.14050000
2025-12-31T11:30:00.0000000	3005.20000000	3029.70000000	3002.10000000	3010.30000000	1.99930000
2025-12-31T11:00:00.0000000	3026.90000000	3047.50000000	2994.40000000	2998.00000000	2.35280000
2025-12-31T10:30:00.0000000	3019.60000000	3036.10000000	2987.40000000	2987.40000000	2.32050000
2025-12-31T10:00:00.0000000	3059.60000000	3059.60000000	2986.50000000	3020.20000000	2.30610000
2025-12-31T09:30:00.0000000	3020.00000000	3073.40000000	2983.40000000	3059.50000000	1.12650000
2025-12-31T09:00:00.0000000	2981.70000000	3069.40000000	2977.70000000	3022.40000000	5.29680000
2025-12-31T08:30:00.0000000	3047.20000000	3065.50000000	2972.80000000	2991.70000000	2.74490000
2025-12-31T08:00:00.0000000	3046.90000000	3067.90000000	2983.10000000	3046.20000000	4.35990000
2025-12-31T07:30:00.0000000	3041.70000000	3079.80000000	2988.40000000	3046.90000000	2.85970000
2025-12-31T07:00:00.0000000	3040.50000000	3079.80000000	2996.40000000	3023.60000000	2.04420000
2025-12-31T06:30:00.0000000	3046.70000000	3079.80000000	2987.10000000	3040.90000000	2.80430000
2025-12-31T06:00:00.0000000	3056.40000000	3079.80000000	2989.00000000	3038.30000000	3.41700000
2025-12-31T05:30:00.0000000	3035.80000000	3079.80000000	2988.00000000	3056.30000000	3.40610000
2025-12-31T05:00:00.0000000	3060.60000000	3071.60000000	3019.00000000	3037.70000000	2.85790000
2025-12-31T04:30:00.0000000	3064.60000000	3079.80000000	3053.70000000	3060.00000000	2.71640000
2025-12-31T04:00:00.0000000	3057.60000000	3079.80000000	3053.50000000	3064.60000000	3.42000000
2025-12-31T03:30:00.0000000	3058.50000000	3075.60000000	3034.00000000	3062.70000000	1.12430000
2025-12-31T03:00:00.0000000	3056.40000000	3063.60000000	3054.40000000	3061.60000000	0.63760000
2025-12-31T02:30:00.0000000	3071.00000000	3073.00000000	3053.90000000	3055.60000000	1.33110000
2025-12-31T02:00:00.0000000	3051.20000000	3079.80000000	3039.30000000	3079.80000000	4.27480000
2025-12-31T01:30:00.0000000	3015.90000000	3076.20000000	3005.60000000	3055.80000000	3.73200000
2025-12-31T01:00:00.0000000	3055.30000000	3075.00000000	2980.50000000	3020.00000000	1.97770000
2025-12-31T00:30:00.0000000	3041.00000000	3082.60000000	2974.40000000	3059.60000000	1.76960000
2025-12-31T00:00:00.0000000	3032.00000000	3082.60000000	2972.80000000	2972.80000000	5.49760000
2025-12-30T23:30:00.0000000	3075.10000000	3075.10000000	3019.90000000	3025.90000000	2.10490000
2025-12-30T23:00:00.0000000	3054.90000000	3075.10000000	3019.90000000	3075.10000000	1.47980000
2025-12-30T22:30:00.0000000	3054.00000000	3065.20000000	3044.80000000	3052.40000000	0.96550000
2025-12-30T22:00:00.0000000	3059.00000000	3072.30000000	3044.80000000	3053.90000000	1.72470000
2025-12-30T21:30:00.0000000	3021.20000000	3068.30000000	3021.20000000	3054.80000000	1.04750000
2025-12-30T21:00:00.0000000	3040.90000000	3071.70000000	3021.20000000	3068.60000000	1.82610000
2025-12-30T20:30:00.0000000	3057.00000000	3069.90000000	3040.90000000	3040.90000000	2.49370000
2025-12-30T20:00:00.0000000	3036.70000000	3074.70000000	3036.70000000	3040.90000000	1.30500000
2025-12-30T19:30:00.0000000	3029.30000000	3066.30000000	3029.30000000	3042.30000000	2.29010000
2025-12-30T19:00:00.0000000	3022.00000000	3070.90000000	3022.00000000	3056.60000000	0.79940000
2025-12-30T18:30:00.0000000	3030.00000000	3070.40000000	3016.00000000	3068.60000000	0.80440000
2025-12-30T18:00:00.0000000	3062.50000000	3062.50000000	3021.10000000	3038.80000000	1.67510000
2025-12-30T17:30:00.0000000	3062.50000000	3062.50000000	3021.10000000	3021.10000000	2.84270000
2025-12-30T17:00:00.0000000	3027.10000000	3062.50000000	3027.10000000	3062.50000000	1.38460000
2025-12-30T16:30:00.0000000	3008.70000000	3062.50000000	2982.70000000	3062.50000000	0.53740000
2025-12-30T16:00:00.0000000	3035.70000000	3096.80000000	3008.30000000	3062.50000000	1.50990000
2025-12-30T15:30:00.0000000	3008.30000000	3096.20000000	3008.30000000	3035.70000000	2.81860000
2025-12-30T15:00:00.0000000	3041.20000000	3085.70000000	2995.30000000	3028.00000000	2.15440000
2025-12-30T14:30:00.0000000	3068.40000000	3070.80000000	3007.30000000	3070.80000000	0.63280000
2025-12-30T14:00:00.0000000	3072.40000000	3103.50000000	2985.90000000	3070.80000000	6.62700000
2025-12-30T13:30:00.0000000	3075.40000000	3094.20000000	2999.40000000	3094.20000000	2.89270000
2025-12-30T13:00:00.0000000	3065.70000000	3094.80000000	3001.20000000	3091.70000000	2.80470000
2025-12-30T12:30:00.0000000	3001.20000000	3091.30000000	3001.20000000	3076.90000000	5.24950000
2025-12-30T12:00:00.0000000	3067.20000000	3079.90000000	2991.00000000	3039.00000000	1.42780000
2025-12-30T11:30:00.0000000	3028.00000000	3077.10000000	2989.40000000	3068.30000000	0.57890000
2025-12-30T11:00:00.0000000	2993.70000000	3082.10000000	2985.10000000	3070.30000000	1.97780000
2025-12-30T10:30:00.0000000	3000.00000000	3081.10000000	2987.10000000	3000.40000000	1.37100000
2025-12-30T10:00:00.0000000	3000.00000000	3000.00000000	2990.70000000	2990.70000000	1.04070000
2025-12-30T09:30:00.0000000	2984.30000000	3080.00000000	2984.30000000	2995.00000000	0.51110000
2025-12-30T09:00:00.0000000	3070.30000000	3074.40000000	2983.20000000	2984.00000000	3.12790000
2025-12-30T08:30:00.0000000	3069.20000000	3077.80000000	2983.90000000	3070.30000000	4.31530000
2025-12-30T08:00:00.0000000	2961.90000000	3093.40000000	2960.50000000	3067.80000000	2.66750000
2025-12-30T07:30:00.0000000	3016.50000000	3052.30000000	2965.30000000	2965.30000000	3.08750000
2025-12-30T07:00:00.0000000	2993.50000000	3025.30000000	2960.90000000	3016.50000000	1.87400000
2025-12-30T06:30:00.0000000	2993.10000000	3014.90000000	2958.40000000	2959.20000000	3.23400000
2025-12-30T06:00:00.0000000	2954.00000000	2995.50000000	2952.90000000	2986.40000000	2.00000000
2025-12-30T05:30:00.0000000	2962.90000000	3041.90000000	2949.80000000	2953.60000000	2.93730000
2025-12-30T05:00:00.0000000	2971.20000000	3050.90000000	2955.50000000	3040.50000000	3.54890000
2025-12-30T04:30:00.0000000	3043.60000000	3048.70000000	2961.80000000	2961.80000000	1.11210000
2025-12-30T04:00:00.0000000	2984.20000000	3045.40000000	2958.40000000	3045.40000000	5.04130000
2025-12-30T03:30:00.0000000	3010.30000000	3031.50000000	2948.60000000	2961.80000000	1.99950000
2025-12-30T03:00:00.0000000	2942.10000000	3031.30000000	2936.80000000	3031.30000000	2.63250000
2025-12-30T02:30:00.0000000	3005.10000000	3027.90000000	2936.10000000	2936.90000000	4.11040000
2025-12-30T02:00:00.0000000	2979.10000000	3029.40000000	2940.90000000	3005.80000000	2.41920000
2025-12-30T01:30:00.0000000	2991.80000000	3019.00000000	2967.00000000	2971.40000000	0.58730000
2025-12-30T01:00:00.0000000	2986.30000000	2992.60000000	2942.00000000	2992.00000000	0.82980000
2025-12-30T00:30:00.0000000	2980.40000000	3029.50000000	2943.60000000	2989.00000000	1.27100000
2025-12-30T00:00:00.0000000	2988.40000000	3032.00000000	2946.30000000	2946.30000000	1.36450000
2025-12-29T23:30:00.0000000	3005.30000000	3032.80000000	2947.70000000	2988.40000000	1.55640000
2025-12-29T23:00:00.0000000	3003.10000000	3030.50000000	2970.30000000	3006.30000000	1.10190000
2025-12-29T22:30:00.0000000	2989.30000000	3017.20000000	2970.00000000	2989.10000000	0.49080000
2025-12-29T22:00:00.0000000	2980.00000000	3015.20000000	2972.00000000	2980.50000000	0.38590000
2025-12-29T21:30:00.0000000	2999.00000000	3030.50000000	2946.80000000	3009.40000000	3.76450000
2025-12-29T21:00:00.0000000	2958.50000000	3026.00000000	2942.30000000	3000.00000000	1.04810000
2025-12-29T20:30:00.0000000	2948.90000000	3025.80000000	2946.70000000	2958.50000000	1.02530000
2025-12-29T20:00:00.0000000	2966.40000000	3030.10000000	2941.30000000	2991.30000000	1.56260000
2025-12-29T19:30:00.0000000	2958.60000000	3026.20000000	2945.20000000	3026.20000000	1.40690000
2025-12-29T19:00:00.0000000	2979.50000000	3010.10000000	2933.70000000	2988.30000000	1.22270000
2025-12-29T18:30:00.0000000	3025.90000000	3030.20000000	2937.80000000	2977.30000000	4.06600000
2025-12-29T18:00:00.0000000	2992.40000000	3028.50000000	2971.60000000	3028.50000000	0.39520000
2025-12-29T17:30:00.0000000	2992.40000000	2996.80000000	2971.60000000	2992.40000000	0.09460000
2025-12-29T17:00:00.0000000	3016.90000000	3033.60000000	2942.50000000	2996.80000000	1.66700000
2025-12-29T16:30:00.0000000	2954.10000000	3016.90000000	2946.70000000	3012.90000000	0.90970000
2025-12-29T16:00:00.0000000	2965.90000000	2965.90000000	2943.80000000	2954.10000000	0.73720000
2025-12-29T15:30:00.0000000	3011.60000000	3047.00000000	2947.70000000	2964.40000000	7.17670000
2025-12-29T15:00:00.0000000	2980.90000000	3014.40000000	2938.70000000	2954.80000000	0.48530000
2025-12-29T14:30:00.0000000	2980.00000000	3052.10000000	2971.10000000	3042.20000000	0.60850000
2025-12-29T14:00:00.0000000	2937.70000000	3022.20000000	2930.70000000	3007.00000000	5.50260000
2025-12-29T13:30:00.0000000	3006.70000000	3016.00000000	2936.80000000	2956.50000000	0.70650000
2025-12-29T13:00:00.0000000	2941.00000000	3048.70000000	2940.90000000	3016.00000000	2.91650000
2025-12-29T12:30:00.0000000	2938.70000000	3039.30000000	2938.50000000	2956.50000000	4.07860000
2025-12-29T12:00:00.0000000	3006.70000000	3058.60000000	2930.40000000	2938.00000000	4.56070000
2025-12-29T11:30:00.0000000	3061.60000000	3063.20000000	2971.60000000	3058.60000000	2.22950000
2025-12-29T11:00:00.0000000	2996.00000000	3077.90000000	2972.20000000	3061.60000000	7.63350000
2025-12-29T10:30:00.0000000	3016.00000000	3074.90000000	2974.10000000	2974.90000000	2.05440000
2025-12-29T10:00:00.0000000	3006.70000000	3095.40000000	2981.00000000	3016.00000000	18.65890000
2025-12-29T09:30:00.0000000	3081.10000000	3096.50000000	2967.80000000	3016.00000000	18.42730000
2025-12-29T09:00:00.0000000	3062.50000000	3133.20000000	3015.80000000	3094.90000000	9.73480000
2025-12-29T08:30:00.0000000	3032.30000000	3103.60000000	3023.10000000	3053.20000000	3.88600000
2025-12-29T08:00:00.0000000	3114.10000000	3144.00000000	3028.50000000	3032.30000000	35.35410000
2025-12-29T07:30:00.0000000	3030.60000000	3115.30000000	3030.60000000	3104.00000000	1.87030000
2025-12-29T07:00:00.0000000	3086.00000000	3124.90000000	3030.00000000	3107.70000000	0.81770000
2025-12-29T06:30:00.0000000	3072.20000000	3131.00000000	3046.10000000	3047.80000000	1.24110000
2025-12-29T06:00:00.0000000	3095.60000000	3129.90000000	3048.30000000	3072.20000000	0.67600000
2025-12-29T05:30:00.0000000	3093.50000000	3127.00000000	3058.10000000	3127.00000000	0.10030000
2025-12-29T05:00:00.0000000	3054.90000000	3136.90000000	3047.50000000	3060.00000000	0.34940000
2025-12-29T04:30:00.0000000	3100.00000000	3139.00000000	3054.90000000	3054.90000000	0.47490000
2025-12-29T04:00:00.0000000	3065.00000000	3135.70000000	3053.90000000	3056.00000000	1.37750000
2025-12-29T03:30:00.0000000	3096.00000000	3100.00000000	3022.80000000	3065.00000000	1.87160000
2025-12-29T03:00:00.0000000	3091.40000000	3094.80000000	3014.70000000	3061.00000000	0.82070000
2025-12-29T02:30:00.0000000	3017.10000000	3090.70000000	3015.30000000	3090.70000000	1.52440000
2025-12-29T02:00:00.0000000	2993.40000000	3102.00000000	2991.60000000	3084.40000000	2.24210000
2025-12-29T01:30:00.0000000	3034.50000000	3067.40000000	2990.00000000	2990.90000000	1.22370000
2025-12-29T01:00:00.0000000	2997.30000000	3034.20000000	2967.30000000	3034.20000000	0.73730000
2025-12-29T00:30:00.0000000	3043.20000000	3050.50000000	2976.20000000	2976.40000000	1.51880000
2025-12-29T00:00:00.0000000	2996.00000000	3033.50000000	2954.60000000	2955.00000000	0.55510000
2025-12-28T23:30:00.0000000	3015.60000000	3034.70000000	2960.60000000	2965.50000000	4.03050000
2025-12-28T23:00:00.0000000	3008.00000000	3031.00000000	2965.40000000	3030.30000000	0.83480000
2025-12-28T22:30:00.0000000	2954.70000000	3033.00000000	2953.70000000	2990.00000000	3.27550000
2025-12-28T22:00:00.0000000	3012.60000000	3013.30000000	2949.40000000	2960.00000000	0.69740000
2025-12-28T21:30:00.0000000	2950.70000000	3012.70000000	2945.10000000	2990.00000000	1.02660000
2025-12-28T21:00:00.0000000	2966.00000000	3007.30000000	2944.90000000	3003.60000000	0.38640000
2025-12-28T20:30:00.0000000	2966.70000000	3007.20000000	2945.40000000	3002.10000000	0.27560000
2025-12-28T20:00:00.0000000	2998.00000000	3006.80000000	2944.90000000	2966.70000000	0.66630000
2025-12-28T19:30:00.0000000	2964.90000000	3006.50000000	2944.90000000	2950.00000000	0.63260000
2025-12-28T19:00:00.0000000	2944.90000000	3006.30000000	2944.90000000	2957.80000000	0.73770000
2025-12-28T18:30:00.0000000	2963.30000000	3004.40000000	2944.90000000	2944.90000000	0.74280000
2025-12-28T18:00:00.0000000	2997.90000000	3015.70000000	2944.90000000	2957.70000000	1.95540000
2025-12-28T17:30:00.0000000	3002.00000000	3018.00000000	2955.60000000	2991.40000000	0.42990000
2025-12-28T17:00:00.0000000	2955.70000000	3022.50000000	2952.60000000	2958.00000000	4.69060000
2025-12-28T16:30:00.0000000	2954.70000000	3017.40000000	2953.50000000	2955.70000000	1.05600000
2025-12-28T16:00:00.0000000	2981.50000000	3026.40000000	2958.40000000	2981.40000000	1.10390000
2025-12-28T15:30:00.0000000	3026.70000000	3038.10000000	2966.20000000	3025.20000000	1.23090000
2025-12-28T15:00:00.0000000	3000.00000000	3034.30000000	2962.80000000	3034.30000000	1.99490000
2025-12-28T14:30:00.0000000	3019.30000000	3030.90000000	2958.50000000	3000.00000000	5.43410000
2025-12-28T14:00:00.0000000	2972.10000000	3020.20000000	2957.00000000	3014.20000000	1.68930000
2025-12-28T13:30:00.0000000	2972.10000000	2992.50000000	2971.20000000	2992.50000000	0.97290000
2025-12-28T13:00:00.0000000	2956.70000000	2975.40000000	2954.70000000	2972.10000000	0.92310000
2025-12-28T12:30:00.0000000	2954.70000000	2975.40000000	2954.70000000	2954.70000000	0.97260000
2025-12-28T12:00:00.0000000	2959.30000000	2966.50000000	2954.60000000	2954.70000000	1.69580000
2025-12-28T11:30:00.0000000	2958.80000000	2985.30000000	2951.70000000	2959.30000000	3.08040000
2025-12-28T11:00:00.0000000	3004.10000000	3004.10000000	2954.90000000	2955.40000000	1.20850000
2025-12-28T10:30:00.0000000	3005.30000000	3015.10000000	2946.70000000	3014.80000000	3.03500000
2025-12-28T10:00:00.0000000	3004.20000000	3008.00000000	2979.00000000	3004.50000000	1.79150000
2025-12-28T09:30:00.0000000	3008.00000000	3008.00000000	2990.40000000	3008.00000000	1.47910000
2025-12-28T09:00:00.0000000	2974.50000000	3025.10000000	2967.90000000	3025.10000000	1.61000000
2025-12-28T08:30:00.0000000	3002.90000000	3021.70000000	2948.00000000	2994.20000000	2.15800000
2025-12-28T08:00:00.0000000	3004.20000000	3016.40000000	2952.20000000	3015.80000000	0.55930000
2025-12-28T07:30:00.0000000	2972.60000000	3022.00000000	2952.00000000	2974.40000000	1.68480000
2025-12-28T07:00:00.0000000	3005.30000000	3024.90000000	2955.70000000	2975.10000000	0.66190000
2025-12-28T06:30:00.0000000	2972.00000000	3020.70000000	2954.00000000	2974.10000000	0.74140000
2025-12-28T06:00:00.0000000	3002.60000000	3016.40000000	2946.80000000	2972.00000000	0.69700000
2025-12-28T05:30:00.0000000	2990.60000000	3012.40000000	2945.00000000	3009.30000000	1.46330000
2025-12-28T05:00:00.0000000	2972.50000000	3012.40000000	2947.60000000	3012.40000000	0.75340000
2025-12-28T04:30:00.0000000	2990.00000000	3003.50000000	2950.40000000	2992.20000000	0.29830000
2025-12-28T04:00:00.0000000	3007.60000000	3024.00000000	2952.20000000	2956.60000000	0.35080000
2025-12-28T03:30:00.0000000	3021.40000000	3022.60000000	2953.90000000	2979.80000000	0.36180000
2025-12-28T03:00:00.0000000	3011.70000000	3027.00000000	2952.50000000	2952.50000000	0.98140000
2025-12-28T02:30:00.0000000	3004.50000000	3025.70000000	2956.10000000	3000.90000000	0.81820000
2025-12-28T02:00:00.0000000	2994.20000000	3026.00000000	2951.80000000	3017.80000000	2.51060000
2025-12-28T01:30:00.0000000	3019.80000000	3025.60000000	2990.00000000	3012.40000000	1.92400000
2025-12-28T01:00:00.0000000	2978.20000000	3024.90000000	2952.80000000	3022.00000000	1.74990000
2025-12-28T00:30:00.0000000	3007.70000000	3022.50000000	2951.10000000	3016.60000000	4.92450000
2025-12-28T00:00:00.0000000	2986.70000000	3030.80000000	2986.50000000	3010.00000000	4.13890000
2025-12-27T23:30:00.0000000	2985.10000000	3023.40000000	2977.40000000	2991.20000000	5.00790000
2025-12-27T23:00:00.0000000	2975.70000000	3015.50000000	2962.20000000	3001.40000000	5.16260000
2025-12-27T22:30:00.0000000	2988.20000000	3011.10000000	2948.00000000	2975.00000000	8.07170000
2025-12-27T22:00:00.0000000	2986.00000000	2988.70000000	2977.90000000	2983.20000000	2.58670000
2025-12-27T21:30:00.0000000	2995.90000000	3000.70000000	2943.90000000	2988.40000000	2.52140000
2025-12-27T21:00:00.0000000	2966.00000000	3016.30000000	2941.90000000	3000.70000000	6.18170000
2025-12-27T20:30:00.0000000	2962.10000000	2968.90000000	2961.10000000	2968.90000000	0.21130000
2025-12-27T20:00:00.0000000	2981.00000000	3041.30000000	2941.20000000	2961.40000000	5.69080000
2025-12-27T19:30:00.0000000	2965.50000000	2985.40000000	2965.50000000	2977.70000000	2.65540000
2025-12-27T19:00:00.0000000	2971.00000000	2985.70000000	2954.60000000	2965.80000000	3.15670000
2025-12-27T18:30:00.0000000	2985.50000000	2990.00000000	2933.10000000	2971.10000000	4.18120000
2025-12-27T18:00:00.0000000	2953.50000000	2994.20000000	2936.30000000	2986.20000000	3.03670000
2025-12-27T17:30:00.0000000	2940.00000000	2994.20000000	2940.00000000	2953.00000000	2.55270000
2025-12-27T17:00:00.0000000	2944.40000000	2991.30000000	2929.20000000	2945.50000000	1.57290000
2025-12-27T16:30:00.0000000	2956.70000000	2995.00000000	2925.40000000	2949.30000000	3.92340000
2025-12-27T16:00:00.0000000	2981.50000000	2983.80000000	2935.20000000	2974.40000000	3.59900000
2025-12-27T15:30:00.0000000	2987.00000000	2995.00000000	2941.00000000	2990.50000000	6.47300000
2025-12-27T15:00:00.0000000	2995.90000000	3001.30000000	2983.00000000	2988.60000000	1.32430000
2025-12-27T14:30:00.0000000	2987.80000000	3001.90000000	2985.60000000	3001.30000000	0.75570000
2025-12-27T14:00:00.0000000	2989.10000000	2993.80000000	2987.50000000	2987.90000000	0.20230000
2025-12-27T13:30:00.0000000	2995.50000000	2995.50000000	2989.60000000	2989.60000000	0.12230000
2025-12-27T13:00:00.0000000	2995.60000000	2998.00000000	2988.00000000	2988.00000000	1.09880000
2025-12-27T12:30:00.0000000	2992.10000000	2999.50000000	2990.60000000	2995.50000000	0.68420000
2025-12-27T12:00:00.0000000	2986.50000000	2996.80000000	2986.50000000	2996.80000000	0.26630000
2025-12-27T11:30:00.0000000	2991.00000000	2996.20000000	2986.50000000	2989.00000000	1.07360000
2025-12-27T11:00:00.0000000	2989.70000000	3003.00000000	2989.70000000	2993.80000000	1.73080000
2025-12-27T10:30:00.0000000	2989.50000000	2993.60000000	2985.60000000	2987.10000000	0.75150000
2025-12-27T10:00:00.0000000	2985.70000000	2993.90000000	2983.00000000	2988.20000000	0.84520000
2025-12-27T09:30:00.0000000	2991.10000000	2995.00000000	2985.00000000	2985.00000000	1.20860000
2025-12-27T09:00:00.0000000	2997.00000000	2997.00000000	2983.00000000	2991.10000000	0.68900000
2025-12-27T08:30:00.0000000	3001.60000000	3004.30000000	2985.50000000	2991.20000000	1.44940000
2025-12-27T08:00:00.0000000	3007.60000000	3017.80000000	2962.10000000	2989.40000000	1.53620000
2025-12-27T07:30:00.0000000	3010.00000000	3010.00000000	3004.90000000	3005.10000000	0.35460000
2025-12-27T07:00:00.0000000	3008.80000000	3010.00000000	3001.80000000	3010.00000000	0.57090000
2025-12-27T06:30:00.0000000	3003.20000000	3008.90000000	2995.50000000	3008.80000000	2.25920000
2025-12-27T06:00:00.0000000	3002.70000000	3007.70000000	2995.70000000	3007.70000000	0.34710000
2025-12-27T05:30:00.0000000	2998.60000000	3005.20000000	2997.70000000	3001.70000000	0.15620000
2025-12-27T05:00:00.0000000	2999.00000000	3006.40000000	2993.90000000	3006.40000000	0.34210000
2025-12-27T04:30:00.0000000	3007.30000000	3008.00000000	2997.30000000	3000.90000000	0.38960000
2025-12-27T04:00:00.0000000	3011.90000000	3014.20000000	3000.70000000	3001.70000000	0.75770000
2025-12-27T03:30:00.0000000	3001.40000000	3011.80000000	2999.70000000	3011.40000000	0.95380000
2025-12-27T03:00:00.0000000	2998.10000000	3008.70000000	2993.00000000	2997.10000000	1.70780000
2025-12-27T02:30:00.0000000	2995.20000000	3000.40000000	2990.00000000	3000.40000000	2.17930000
2025-12-27T02:00:00.0000000	2993.40000000	2996.50000000	2988.50000000	2990.20000000	0.29700000
2025-12-27T01:30:00.0000000	2992.40000000	3000.00000000	2987.60000000	2992.90000000	1.82710000
2025-12-27T01:00:00.0000000	2997.50000000	2998.40000000	2985.60000000	2990.60000000	3.77090000
2025-12-27T00:30:00.0000000	2992.50000000	2997.80000000	2987.60000000	2997.50000000	1.11430000
2025-12-27T00:00:00.0000000	2960.50000000	2996.90000000	2952.70000000	2992.10000000	2.09090000
2025-12-26T23:30:00.0000000	2964.20000000	2965.00000000	2941.60000000	2955.70000000	1.06780000
2025-12-26T23:00:00.0000000	2964.70000000	2965.00000000	2958.40000000	2964.40000000	0.66840000
2025-12-26T22:30:00.0000000	2962.20000000	2964.80000000	2962.10000000	2964.70000000	0.42850000
2025-12-26T22:00:00.0000000	2956.20000000	2965.00000000	2939.70000000	2964.80000000	2.89820000
2025-12-26T21:30:00.0000000	2956.50000000	2960.90000000	2956.20000000	2960.90000000	0.65250000
2025-12-26T21:00:00.0000000	2956.00000000	2996.90000000	2947.70000000	2960.90000000	1.34600000
2025-12-26T20:30:00.0000000	2949.00000000	2961.40000000	2945.30000000	2952.30000000	2.52190000
2025-12-26T20:00:00.0000000	2971.20000000	2979.80000000	2946.10000000	2946.10000000	1.63090000
2025-12-26T19:30:00.0000000	2979.50000000	2996.90000000	2963.00000000	2996.90000000	2.87250000
2025-12-26T19:00:00.0000000	2978.00000000	2997.30000000	2926.70000000	2979.50000000	2.52520000
2025-12-26T18:30:00.0000000	2979.00000000	2980.60000000	2974.00000000	2974.30000000	0.12540000
2025-12-26T18:00:00.0000000	2973.40000000	2982.50000000	2972.80000000	2975.80000000	0.08960000
2025-12-26T17:30:00.0000000	2956.90000000	2996.70000000	2937.30000000	2979.80000000	3.60140000
2025-12-26T17:00:00.0000000	2971.50000000	2980.90000000	2952.50000000	2960.00000000	1.58900000
2025-12-26T16:30:00.0000000	2965.30000000	2972.00000000	2916.00000000	2960.10000000	0.63290000
2025-12-26T16:00:00.0000000	2958.30000000	2965.80000000	2956.60000000	2961.70000000	0.72580000
2025-12-26T15:30:00.0000000	2981.00000000	2981.00000000	2959.20000000	2959.20000000	0.95600000
2025-12-26T15:00:00.0000000	3009.30000000	3017.20000000	2918.10000000	2993.70000000	28.96080000
2025-12-26T14:30:00.0000000	3013.80000000	3040.00000000	3009.30000000	3009.50000000	1.20360000
2025-12-26T14:00:00.0000000	3078.00000000	3099.00000000	2994.70000000	3049.20000000	2.41530000
2025-12-26T13:30:00.0000000	3043.50000000	3078.90000000	3007.00000000	3078.90000000	0.96470000
2025-12-26T13:00:00.0000000	3084.50000000	3089.60000000	2984.60000000	3042.50000000	5.74120000
2025-12-26T12:30:00.0000000	3004.00000000	3090.00000000	2982.30000000	3082.70000000	3.96520000
2025-12-26T12:00:00.0000000	3049.00000000	3067.20000000	2979.00000000	3023.50000000	1.49870000
2025-12-26T11:30:00.0000000	3047.00000000	3075.80000000	3012.20000000	3051.00000000	2.38620000
2025-12-26T11:00:00.0000000	3032.00000000	3047.00000000	2987.90000000	3046.50000000	1.67810000
2025-12-26T10:30:00.0000000	3071.60000000	3075.00000000	2978.70000000	3023.80000000	2.71850000
2025-12-26T10:00:00.0000000	3064.30000000	3075.70000000	2977.90000000	3047.50000000	20.69980000
2025-12-26T09:30:00.0000000	3062.50000000	3091.10000000	3006.50000000	3088.50000000	16.52500000
2025-12-26T09:00:00.0000000	3013.10000000	3071.90000000	2993.80000000	3060.00000000	2.79660000
2025-12-26T08:30:00.0000000	3048.50000000	3057.10000000	3007.50000000	3007.50000000	0.72140000
2025-12-26T08:00:00.0000000	3045.50000000	3063.50000000	3035.00000000	3055.50000000	1.41680000
2025-12-26T07:30:00.0000000	3100.50000000	3100.50000000	3009.30000000	3046.00000000	2.48580000
2025-12-26T07:00:00.0000000	2996.70000000	3106.80000000	2992.70000000	3000.60000000	22.89700000
2025-12-26T06:30:00.0000000	2997.50000000	2998.00000000	2990.50000000	2993.10000000	0.52390000
2025-12-26T06:00:00.0000000	2998.00000000	2998.00000000	2989.20000000	2994.00000000	0.90440000
2025-12-26T05:30:00.0000000	2994.00000000	2998.00000000	2981.60000000	2996.50000000	1.23240000
2025-12-26T05:00:00.0000000	2994.70000000	2998.00000000	2980.70000000	2988.50000000	1.77100000
2025-12-26T04:30:00.0000000	2987.00000000	3000.70000000	2982.00000000	2986.60000000	1.22120000
2025-12-26T04:00:00.0000000	2990.50000000	2994.90000000	2978.90000000	2979.50000000	0.89290000
2025-12-26T03:30:00.0000000	2989.00000000	2996.30000000	2979.30000000	2986.50000000	0.84430000
2025-12-26T03:00:00.0000000	2992.50000000	3000.80000000	2984.90000000	2991.10000000	0.93410000
2025-12-26T02:30:00.0000000	2991.20000000	3000.80000000	2987.80000000	2991.60000000	1.54500000
2025-12-26T02:00:00.0000000	2973.00000000	3012.00000000	2937.50000000	2992.00000000	4.54400000
2025-12-26T01:30:00.0000000	3003.90000000	3010.40000000	2926.50000000	2972.00000000	1.89010000
2025-12-26T01:00:00.0000000	2927.40000000	3006.90000000	2914.70000000	2976.20000000	15.75960000
2025-12-26T00:30:00.0000000	2923.00000000	2926.90000000	2911.90000000	2917.50000000	1.31540000
2025-12-26T00:00:00.0000000	2950.90000000	2992.40000000	2913.60000000	2916.40000000	5.27420000
2025-12-25T23:30:00.0000000	3022.50000000	3023.90000000	2913.20000000	2969.60000000	7.33400000
2025-12-25T23:00:00.0000000	2995.10000000	3029.60000000	2933.20000000	3023.90000000	8.20520000
2025-12-25T22:30:00.0000000	2992.80000000	3044.10000000	2944.60000000	2991.20000000	7.05290000
2025-12-25T22:00:00.0000000	2980.10000000	3051.10000000	2954.50000000	2973.30000000	3.20280000
2025-12-25T21:30:00.0000000	2972.00000000	3059.50000000	2962.40000000	2976.70000000	6.45490000
2025-12-25T21:00:00.0000000	2978.80000000	3059.40000000	2961.20000000	2970.90000000	6.06170000
2025-12-25T20:30:00.0000000	3029.00000000	3057.20000000	2954.80000000	2975.80000000	7.36250000
2025-12-25T20:00:00.0000000	3034.80000000	3064.50000000	3023.00000000	3023.00000000	2.53090000
2025-12-25T19:30:00.0000000	3045.00000000	3058.00000000	3000.00000000	3047.40000000	3.30250000
2025-12-25T19:00:00.0000000	3011.80000000	3050.20000000	3006.80000000	3050.20000000	2.50670000
2025-12-25T18:30:00.0000000	3053.40000000	3073.10000000	3000.00000000	3011.80000000	2.90770000
2025-12-25T18:00:00.0000000	3013.80000000	3065.70000000	2969.90000000	3003.20000000	3.75140000
2025-12-25T17:30:00.0000000	3060.40000000	3063.50000000	2953.10000000	3008.30000000	4.29670000
2025-12-25T17:00:00.0000000	2983.10000000	3063.40000000	2955.60000000	3054.30000000	4.81230000
2025-12-25T16:30:00.0000000	3019.00000000	3075.70000000	2952.00000000	2983.00000000	15.71300000
2025-12-25T16:00:00.0000000	2993.10000000	3082.70000000	2967.70000000	3013.50000000	30.78560000
2025-12-25T15:30:00.0000000	3013.50000000	3017.30000000	2962.30000000	2979.40000000	3.61350000
2025-12-25T15:00:00.0000000	3035.00000000	3038.50000000	2985.20000000	3013.60000000	2.89970000
2025-12-25T14:30:00.0000000	2995.00000000	3038.60000000	2990.20000000	3030.30000000	2.09170000
2025-12-25T14:00:00.0000000	3010.70000000	3043.40000000	2976.20000000	2983.00000000	3.98550000
2025-12-25T13:30:00.0000000	3004.50000000	3043.80000000	2948.80000000	3001.70000000	2.42300000
2025-12-25T13:00:00.0000000	3016.80000000	3039.20000000	2946.70000000	2993.50000000	8.08890000
2025-12-25T12:30:00.0000000	2987.40000000	3041.30000000	2936.80000000	3016.80000000	8.18750000
2025-12-25T12:00:00.0000000	2975.40000000	3010.30000000	2933.20000000	2987.30000000	2.51390000
2025-12-25T11:30:00.0000000	2985.60000000	3025.70000000	2950.70000000	2991.50000000	1.76100000
2025-12-25T11:00:00.0000000	3004.50000000	3004.70000000	2968.50000000	2986.00000000	1.25210000
2025-12-25T10:30:00.0000000	2993.90000000	3025.70000000	2960.80000000	3004.60000000	3.78830000
2025-12-25T10:00:00.0000000	3001.00000000	3040.80000000	2937.40000000	2993.90000000	8.26280000
2025-12-25T09:30:00.0000000	2968.20000000	3031.40000000	2934.90000000	3001.00000000	4.37400000
2025-12-25T09:00:00.0000000	2997.60000000	2997.60000000	2938.30000000	2969.70000000	3.51240000
2025-12-25T08:30:00.0000000	2975.10000000	3038.40000000	2932.80000000	2970.40000000	8.78730000
2025-12-25T08:00:00.0000000	2982.50000000	3045.70000000	2927.50000000	2997.20000000	9.39930000
2025-12-25T07:30:00.0000000	2962.40000000	3053.30000000	2954.00000000	2982.50000000	4.90270000
2025-12-25T07:00:00.0000000	2969.00000000	3048.30000000	2955.00000000	2956.20000000	7.55890000
2025-12-25T06:30:00.0000000	3036.10000000	3047.20000000	2967.70000000	2967.70000000	2.83200000
2025-12-25T06:00:00.0000000	3015.10000000	3053.20000000	3010.20000000	3032.80000000	2.93030000
2025-12-25T05:30:00.0000000	3003.60000000	3024.00000000	2952.40000000	3015.10000000	4.47670000
2025-12-25T05:00:00.0000000	3003.00000000	3051.80000000	2952.10000000	2999.20000000	3.71040000
2025-12-25T04:30:00.0000000	2999.00000000	3052.00000000	2953.40000000	3047.30000000	2.81470000
2025-12-25T04:00:00.0000000	3017.90000000	3055.50000000	2998.20000000	3004.20000000	3.48510000
2025-12-25T03:30:00.0000000	2967.50000000	3062.90000000	2953.80000000	2999.90000000	5.08670000
2025-12-25T03:00:00.0000000	3044.00000000	3059.20000000	2958.50000000	2997.90000000	6.01970000
2025-12-25T02:30:00.0000000	2967.90000000	3059.00000000	2960.40000000	3042.20000000	6.88420000
2025-12-25T02:00:00.0000000	3007.90000000	3056.40000000	2965.00000000	2967.00000000	4.33740000
2025-12-25T01:30:00.0000000	3020.70000000	3054.30000000	2965.10000000	3002.50000000	1.87460000
2025-12-25T01:00:00.0000000	2992.30000000	3053.70000000	2949.50000000	3050.00000000	6.39790000
2025-12-25T00:30:00.0000000	2971.20000000	3055.70000000	2945.00000000	2984.80000000	7.68410000
2025-12-25T00:00:00.0000000	2995.50000000	3050.60000000	2951.20000000	2971.70000000	5.73870000
2025-12-24T23:30:00.0000000	3018.90000000	3065.80000000	2961.50000000	2988.20000000	3.54220000
2025-12-24T23:00:00.0000000	2979.70000000	3068.50000000	2968.10000000	3026.10000000	3.33190000
2025-12-24T22:30:00.0000000	3045.70000000	3050.70000000	2958.40000000	2979.30000000	3.45400000
2025-12-24T22:00:00.0000000	3054.20000000	3066.90000000	2998.60000000	3045.70000000	4.92920000
2025-12-24T21:30:00.0000000	3008.70000000	3066.00000000	2957.10000000	3025.40000000	4.91580000
2025-12-24T21:00:00.0000000	3004.40000000	3025.30000000	2953.60000000	3008.90000000	1.84800000
2025-12-24T20:30:00.0000000	3038.20000000	3060.00000000	2952.10000000	2994.00000000	3.84380000
2025-12-24T20:00:00.0000000	3003.70000000	3061.30000000	2965.30000000	3033.40000000	4.48360000
2025-12-24T19:30:00.0000000	3030.20000000	3032.60000000	2981.90000000	3004.20000000	2.59800000
2025-12-24T19:00:00.0000000	3026.90000000	3033.90000000	2970.00000000	3025.30000000	2.46960000
2025-12-24T18:30:00.0000000	2992.00000000	3033.10000000	2992.00000000	3021.00000000	2.87040000
2025-12-24T18:00:00.0000000	3012.00000000	3047.80000000	2965.30000000	2986.00000000	3.56220000
2025-12-24T17:30:00.0000000	3044.60000000	3050.50000000	2955.50000000	3008.50000000	3.17410000
2025-12-24T17:00:00.0000000	3000.00000000	3050.30000000	2994.90000000	3045.70000000	4.37810000
2025-12-24T16:30:00.0000000	2983.70000000	3034.80000000	2943.20000000	2943.20000000	4.39270000
2025-12-24T16:00:00.0000000	2985.30000000	3026.00000000	2931.00000000	2983.30000000	4.51700000
2025-12-24T15:30:00.0000000	2963.40000000	3025.90000000	2934.50000000	2995.00000000	4.25450000
2025-12-24T15:00:00.0000000	2981.80000000	3010.90000000	2954.40000000	2963.20000000	6.24160000
2025-12-24T14:30:00.0000000	3025.00000000	3034.70000000	2965.80000000	2982.20000000	8.36510000
2025-12-24T14:00:00.0000000	2994.00000000	3031.60000000	2965.80000000	3001.60000000	5.90440000
2025-12-24T13:30:00.0000000	3005.50000000	3026.40000000	2974.90000000	2993.70000000	3.33830000
2025-12-24T13:00:00.0000000	2997.60000000	3036.50000000	2997.60000000	3004.40000000	1.59580000
2025-12-24T12:30:00.0000000	3019.70000000	3039.60000000	2965.80000000	2992.80000000	3.74310000
2025-12-24T12:00:00.0000000	3040.30000000	3040.30000000	3002.00000000	3032.60000000	2.70580000
2025-12-24T11:30:00.0000000	2994.00000000	3046.60000000	2929.00000000	3026.80000000	52.82580000
2025-12-24T11:00:00.0000000	3018.00000000	3040.00000000	2932.00000000	3014.50000000	16.79500000
2025-12-24T10:30:00.0000000	2981.30000000	3040.00000000	2932.20000000	3018.00000000	7.63860000
2025-12-24T10:00:00.0000000	2984.60000000	2998.20000000	2962.60000000	2969.30000000	6.18190000
2025-12-24T09:30:00.0000000	2924.60000000	3036.60000000	2921.40000000	3001.20000000	80.05690000
2025-12-24T09:00:00.0000000	2924.00000000	3036.50000000	2921.20000000	2921.20000000	230.46130000
2025-12-24T08:30:00.0000000	2932.90000000	2934.50000000	2923.70000000	2923.70000000	6.10720000
2025-12-24T08:00:00.0000000	2932.60000000	2938.30000000	2928.40000000	2934.00000000	1.70300000
2025-12-24T07:30:00.0000000	2932.20000000	2942.10000000	2931.80000000	2934.50000000	1.60630000
2025-12-24T07:00:00.0000000	2932.90000000	2936.80000000	2930.70000000	2931.80000000	3.47350000
2025-12-24T06:30:00.0000000	2931.60000000	2936.00000000	2929.40000000	2932.00000000	4.25980000
2025-12-24T06:00:00.0000000	2928.30000000	2936.60000000	2924.40000000	2932.00000000	2.30490000
2025-12-24T05:30:00.0000000	2935.30000000	2935.90000000	2916.70000000	2928.30000000	3.33740000
2025-12-24T05:00:00.0000000	2935.90000000	2939.90000000	2928.40000000	2934.80000000	4.41260000
2025-12-24T04:30:00.0000000	2943.30000000	2946.50000000	2934.10000000	2936.30000000	1.17480000
2025-12-24T04:00:00.0000000	2945.50000000	2958.50000000	2944.20000000	2945.70000000	3.38050000
2025-12-24T03:30:00.0000000	2936.20000000	2946.40000000	2936.20000000	2943.90000000	1.03000000
2025-12-24T03:00:00.0000000	2934.00000000	2937.70000000	2921.50000000	2934.60000000	2.96250000
2025-12-24T02:30:00.0000000	2945.40000000	2946.20000000	2925.30000000	2935.60000000	5.43170000
2025-12-24T02:00:00.0000000	2963.20000000	2964.00000000	2943.70000000	2945.50000000	3.19550000
2025-12-24T01:30:00.0000000	2967.00000000	2970.20000000	2958.40000000	2962.60000000	14.63710000
2025-12-24T01:00:00.0000000	2973.20000000	2976.70000000	2968.40000000	2970.50000000	0.51450000
2025-12-24T00:30:00.0000000	2958.30000000	2971.80000000	2958.00000000	2971.80000000	0.49200000
2025-12-24T00:00:00.0000000	2964.50000000	2967.90000000	2956.30000000	2958.40000000	18.11970000
2025-12-23T23:30:00.0000000	2959.60000000	2971.20000000	2959.60000000	2966.10000000	3.67640000
2025-12-23T23:00:00.0000000	2959.00000000	2959.00000000	2953.90000000	2958.20000000	4.50130000
2025-12-23T22:30:00.0000000	2959.90000000	2964.50000000	2950.30000000	2955.30000000	828.83310000
2025-12-23T22:00:00.0000000	2973.10000000	2977.10000000	2956.30000000	2961.00000000	3.84780000
2025-12-23T21:30:00.0000000	2970.70000000	2973.90000000	2968.40000000	2971.70000000	2.02930000
2025-12-23T21:00:00.0000000	2970.80000000	2974.10000000	2960.30000000	2970.70000000	17.84530000
2025-12-23T20:30:00.0000000	2955.80000000	2986.20000000	2953.50000000	2968.90000000	5.41870000
2025-12-23T20:00:00.0000000	2942.60000000	2958.30000000	2942.60000000	2955.10000000	0.36920000
2025-12-23T19:30:00.0000000	2932.30000000	2941.20000000	2930.70000000	2941.20000000	1.32620000
2025-12-23T19:00:00.0000000	2946.50000000	2952.20000000	2935.50000000	2936.60000000	2.63700000
2025-12-23T18:30:00.0000000	2938.90000000	2950.60000000	2938.90000000	2947.10000000	1.87680000
2025-12-23T18:00:00.0000000	2913.80000000	2938.20000000	2911.10000000	2936.40000000	2.71650000
2025-12-23T17:30:00.0000000	2943.60000000	2946.50000000	2917.30000000	2918.70000000	1.56470000
2025-12-23T17:00:00.0000000	2957.60000000	2960.30000000	2943.00000000	2943.00000000	1.28690000
2025-12-23T16:30:00.0000000	2958.50000000	2962.70000000	2946.20000000	2956.20000000	86.88290000
2025-12-23T16:00:00.0000000	2922.60000000	2964.70000000	2922.60000000	2955.50000000	6.64170000
2025-12-23T15:30:00.0000000	2925.60000000	2929.60000000	2917.80000000	2927.90000000	5.96890000
2025-12-23T15:00:00.0000000	2916.30000000	2926.90000000	2906.50000000	2924.90000000	11.80280000
2025-12-23T14:30:00.0000000	2942.50000000	2950.40000000	2905.00000000	2914.50000000	7.38780000
2025-12-23T14:00:00.0000000	2940.90000000	2950.70000000	2936.50000000	2943.50000000	1.78640000
2025-12-23T13:30:00.0000000	2958.10000000	2961.20000000	2934.00000000	2941.00000000	4.95480000
2025-12-23T13:00:00.0000000	2953.60000000	2960.90000000	2953.60000000	2956.50000000	3.84380000
2025-12-23T12:30:00.0000000	2957.80000000	2963.40000000	2954.40000000	2957.60000000	4.76260000
2025-12-23T12:00:00.0000000	2972.30000000	2972.50000000	2956.60000000	2957.20000000	17.87940000
2025-12-23T11:30:00.0000000	2969.30000000	2972.70000000	2967.80000000	2972.60000000	14.18660000
2025-12-23T11:00:00.0000000	2966.30000000	2973.60000000	2963.60000000	2969.70000000	4.38120000
2025-12-23T10:30:00.0000000	2968.10000000	2970.30000000	2965.30000000	2966.00000000	2.43280000
2025-12-23T10:00:00.0000000	2963.50000000	2970.00000000	2962.90000000	2968.20000000	2.31110000
2025-12-23T09:30:00.0000000	2959.20000000	2965.20000000	2956.60000000	2962.90000000	1.89070000
2025-12-23T09:00:00.0000000	2960.40000000	2965.10000000	2953.00000000	2958.60000000	2.29780000
2025-12-23T08:30:00.0000000	2967.30000000	2971.00000000	2959.40000000	2960.40000000	1.37880000
2025-12-23T08:00:00.0000000	2965.30000000	2969.10000000	2961.90000000	2966.80000000	3.80330000
2025-12-23T07:30:00.0000000	2965.10000000	2968.90000000	2963.30000000	2965.50000000	1.57770000
2025-12-23T07:00:00.0000000	2958.40000000	2964.60000000	2955.60000000	2964.60000000	8.83090000
2025-12-23T06:30:00.0000000	2952.30000000	2962.90000000	2948.10000000	2959.80000000	2.84870000
2025-12-23T06:00:00.0000000	2973.20000000	2977.70000000	2945.80000000	2951.70000000	5.64260000
2025-12-23T05:30:00.0000000	2973.40000000	2975.70000000	2966.30000000	2975.70000000	3.20090000
2025-12-23T05:00:00.0000000	2983.70000000	2984.70000000	2977.30000000	2982.40000000	2.50990000
2025-12-23T04:30:00.0000000	2994.00000000	2994.50000000	2982.60000000	2985.30000000	9.77670000
2025-12-23T04:00:00.0000000	2991.00000000	2996.80000000	2986.40000000	2994.40000000	0.48190000
2025-12-23T03:30:00.0000000	2993.00000000	2998.90000000	2990.90000000	2993.20000000	2.04440000
2025-12-23T03:00:00.0000000	2990.00000000	2995.70000000	2973.80000000	2992.10000000	3.79930000
2025-12-23T02:30:00.0000000	3015.50000000	3015.50000000	2989.60000000	2989.60000000	5.22490000
2025-12-23T02:00:00.0000000	3013.60000000	3023.60000000	3010.40000000	3012.50000000	3.42020000
2025-12-23T01:30:00.0000000	3020.70000000	3025.80000000	3016.80000000	3018.20000000	2.70680000
2025-12-23T01:00:00.0000000	3027.20000000	3030.50000000	3019.40000000	3020.90000000	1.67840000
2025-12-23T00:30:00.0000000	3018.10000000	3031.60000000	3016.90000000	3027.80000000	2.92620000
2025-12-23T00:00:00.0000000	3007.10000000	3023.00000000	3006.10000000	3020.40000000	1.63900000
2025-12-22T23:30:00.0000000	3010.30000000	3010.40000000	3001.70000000	3005.70000000	2.62870000
2025-12-22T23:00:00.0000000	3009.40000000	3011.10000000	3003.90000000	3010.40000000	2.04700000
2025-12-22T22:30:00.0000000	2991.90000000	3011.40000000	2988.80000000	3011.40000000	3.50560000
2025-12-22T22:00:00.0000000	2987.80000000	2992.70000000	2983.80000000	2991.20000000	1.13420000
2025-12-22T21:30:00.0000000	2993.60000000	2997.20000000	2987.20000000	2987.20000000	1.06760000
2025-12-22T21:00:00.0000000	2977.60000000	2992.90000000	2977.00000000	2992.60000000	0.54950000
2025-12-22T20:30:00.0000000	2972.00000000	2982.40000000	2970.50000000	2977.00000000	1.46920000
2025-12-22T20:00:00.0000000	2978.40000000	2985.40000000	2964.50000000	2971.00000000	5.83260000
2025-12-22T19:30:00.0000000	2987.70000000	2993.80000000	2976.20000000	2976.70000000	3.28100000
2025-12-22T19:00:00.0000000	3014.80000000	3015.50000000	2986.30000000	2988.60000000	6.21990000
2025-12-22T18:30:00.0000000	3033.20000000	3033.20000000	3009.70000000	3014.10000000	3.84690000
2025-12-22T18:00:00.0000000	3032.30000000	3038.80000000	3022.90000000	3030.60000000	3.22510000
2025-12-22T17:30:00.0000000	3031.90000000	3034.80000000	3026.10000000	3032.20000000	2.42520000
2025-12-22T17:00:00.0000000	3043.50000000	3043.50000000	3024.40000000	3032.90000000	1.86580000
2025-12-22T16:30:00.0000000	3055.40000000	3055.90000000	3039.70000000	3039.70000000	14.03410000
2025-12-22T16:00:00.0000000	3051.90000000	3059.30000000	3047.80000000	3056.00000000	3.24320000
2025-12-22T15:30:00.0000000	3040.30000000	3053.90000000	3022.80000000	3049.00000000	4.85750000
2025-12-22T15:00:00.0000000	3054.40000000	3070.40000000	3027.20000000	3041.20000000	3.22840000
2025-12-22T14:30:00.0000000	3056.70000000	3071.00000000	3029.60000000	3059.40000000	3.87850000
2025-12-22T14:00:00.0000000	3055.80000000	3065.80000000	3055.80000000	3059.00000000	2.82620000
2025-12-22T13:30:00.0000000	3059.60000000	3059.60000000	3048.40000000	3054.60000000	3.90790000
2025-12-22T13:00:00.0000000	3056.50000000	3064.10000000	3049.50000000	3059.90000000	2.07720000
2025-12-22T12:30:00.0000000	3054.10000000	3076.50000000	3051.80000000	3059.80000000	4.95860000
2025-12-22T12:00:00.0000000	3049.40000000	3056.40000000	3045.60000000	3052.50000000	1.98010000
2025-12-22T11:30:00.0000000	3044.00000000	3056.00000000	3043.60000000	3050.00000000	1.75270000
2025-12-22T11:00:00.0000000	3040.20000000	3044.70000000	3036.50000000	3044.50000000	1.12590000
2025-12-22T10:30:00.0000000	3039.00000000	3044.30000000	3037.00000000	3040.10000000	1.72690000
2025-12-22T10:00:00.0000000	3040.50000000	3040.60000000	3033.20000000	3036.30000000	1.75840000
2025-12-22T09:30:00.0000000	3041.60000000	3042.00000000	3032.90000000	3037.20000000	2.65870000
2025-12-22T09:00:00.0000000	3026.50000000	3038.40000000	3026.10000000	3036.60000000	2.02790000
2025-12-22T08:30:00.0000000	3053.00000000	3053.90000000	3025.80000000	3026.40000000	2.28760000
2025-12-22T08:00:00.0000000	3029.90000000	3053.00000000	3028.70000000	3049.80000000	13.36610000
2025-12-22T07:30:00.0000000	3031.00000000	3033.30000000	3026.60000000	3030.20000000	13.80790000
2025-12-22T07:00:00.0000000	3026.30000000	3033.80000000	3026.30000000	3031.20000000	6.90330000
2025-12-22T06:30:00.0000000	3025.70000000	3028.40000000	3023.70000000	3026.30000000	0.99410000
2025-12-22T06:00:00.0000000	3028.70000000	3033.20000000	3022.30000000	3024.70000000	1.15610000
2025-12-22T05:30:00.0000000	3026.20000000	3036.20000000	3026.00000000	3028.40000000	0.74550000
2025-12-22T05:00:00.0000000	3039.20000000	3040.10000000	3028.20000000	3029.20000000	1.52840000
2025-12-22T04:30:00.0000000	3035.20000000	3039.80000000	3030.70000000	3035.80000000	1.03420000
2025-12-22T04:00:00.0000000	3020.90000000	3034.40000000	3020.00000000	3034.40000000	0.96640000
2025-12-22T03:30:00.0000000	3025.00000000	3027.20000000	3017.50000000	3019.60000000	1.64470000
2025-12-22T03:00:00.0000000	3010.70000000	3025.00000000	3001.00000000	3024.60000000	2.03450000
2025-12-22T02:30:00.0000000	3002.30000000	3014.10000000	3000.30000000	3008.80000000	1.83160000
2025-12-22T02:00:00.0000000	3017.50000000	3017.50000000	2976.60000000	2997.60000000	5.93280000
2025-12-22T01:30:00.0000000	3037.30000000	3046.20000000	3019.40000000	3019.90000000	2.80070000
2025-12-22T01:00:00.0000000	3027.10000000	3038.50000000	3024.90000000	3035.60000000	2.92870000
2025-12-22T00:30:00.0000000	3030.00000000	3035.70000000	3021.60000000	3028.00000000	2.53180000
2025-12-22T00:00:00.0000000	3002.30000000	3052.00000000	3000.20000000	3028.70000000	13.40250000
2025-12-21T23:30:00.0000000	2994.20000000	3003.80000000	2993.10000000	3001.30000000	1.83000000
2025-12-21T23:00:00.0000000	2995.80000000	3011.70000000	2995.80000000	3000.10000000	3.97390000
2025-12-21T22:30:00.0000000	2988.20000000	2995.80000000	2985.90000000	2995.80000000	2.46380000
2025-12-21T22:00:00.0000000	2971.20000000	2989.80000000	2971.20000000	2985.50000000	2.58400000
2025-12-21T21:30:00.0000000	2986.70000000	2987.60000000	2970.90000000	2971.90000000	9.90820000
2025-12-21T21:00:00.0000000	2986.40000000	2989.80000000	2986.10000000	2987.10000000	0.54520000
2025-12-21T20:30:00.0000000	2990.30000000	2993.30000000	2985.70000000	2986.40000000	1.73320000
2025-12-21T20:00:00.0000000	2992.20000000	2993.70000000	2987.50000000	2988.60000000	0.79320000
2025-12-21T19:30:00.0000000	2990.70000000	2993.00000000	2982.20000000	2991.00000000	2.33360000
2025-12-21T19:00:00.0000000	2991.90000000	2996.30000000	2988.70000000	2990.30000000	2.73920000
2025-12-21T18:30:00.0000000	2977.80000000	2986.60000000	2977.80000000	2986.60000000	2.70410000
2025-12-21T18:00:00.0000000	2983.70000000	2983.70000000	2970.00000000	2977.00000000	1.92030000
2025-12-21T17:30:00.0000000	2979.90000000	2987.50000000	2979.90000000	2982.00000000	4.56100000
2025-12-21T17:00:00.0000000	2986.80000000	2988.00000000	2977.90000000	2978.50000000	8.19020000
2025-12-21T16:30:00.0000000	2977.50000000	2985.30000000	2975.70000000	2985.30000000	4.32480000
2025-12-21T16:00:00.0000000	2974.30000000	2984.20000000	2969.60000000	2977.70000000	5.87650000
2025-12-21T15:30:00.0000000	2970.60000000	2979.70000000	2964.10000000	2975.30000000	4.47940000
2025-12-21T15:00:00.0000000	2964.90000000	2970.00000000	2962.30000000	2966.70000000	3.51470000
2025-12-21T14:30:00.0000000	2969.30000000	2972.00000000	2957.50000000	2969.00000000	2.82750000
2025-12-21T14:00:00.0000000	2947.20000000	2975.70000000	2947.20000000	2963.60000000	4.51090000
2025-12-21T13:30:00.0000000	2965.00000000	2965.60000000	2944.30000000	2948.20000000	8.59140000
2025-12-21T13:00:00.0000000	2991.70000000	2992.00000000	2966.00000000	2967.80000000	13.62820000
2025-12-21T12:30:00.0000000	3001.10000000	3001.70000000	2983.50000000	2989.10000000	18.09880000
2025-12-21T12:00:00.0000000	2997.30000000	3004.50000000	2996.70000000	2999.80000000	10.84700000
2025-12-21T11:30:00.0000000	2996.70000000	2998.30000000	2995.60000000	2996.90000000	6.13430000
2025-12-21T11:00:00.0000000	2996.70000000	3001.20000000	2993.70000000	2999.10000000	8.97850000
2025-12-21T10:30:00.0000000	3001.80000000	3002.10000000	2993.30000000	2996.20000000	12.29990000
2025-12-21T10:00:00.0000000	3004.60000000	3008.30000000	3000.10000000	3002.40000000	4.20830000
2025-12-21T09:30:00.0000000	2994.10000000	3012.60000000	2994.10000000	3001.70000000	5.02590000
2025-12-21T09:00:00.0000000	2993.60000000	2996.10000000	2987.80000000	2990.30000000	5.74020000
2025-12-21T08:30:00.0000000	2984.80000000	2997.30000000	2984.10000000	2992.50000000	7.10970000
2025-12-21T08:00:00.0000000	2981.80000000	2984.40000000	2974.90000000	2984.20000000	4.64560000
2025-12-21T07:30:00.0000000	2977.20000000	2982.10000000	2976.60000000	2981.70000000	2.71540000
2025-12-21T07:00:00.0000000	2976.90000000	2979.20000000	2975.70000000	2978.00000000	4.43950000
2025-12-21T06:30:00.0000000	2977.10000000	2977.10000000	2974.40000000	2976.80000000	4.36500000
2025-12-21T06:00:00.0000000	2973.10000000	2978.20000000	2973.10000000	2976.00000000	6.11410000
2025-12-21T05:30:00.0000000	2976.80000000	2976.80000000	2973.20000000	2974.00000000	2.90180000
2025-12-21T05:00:00.0000000	2975.10000000	2978.70000000	2974.20000000	2976.20000000	3.38390000
2025-12-21T04:30:00.0000000	2978.30000000	2978.70000000	2974.30000000	2976.90000000	5.44570000
2025-12-21T04:00:00.0000000	2973.60000000	2980.10000000	2972.40000000	2978.00000000	7.37290000
2025-12-21T03:30:00.0000000	2973.80000000	2982.20000000	2970.90000000	2973.50000000	11.18800000
2025-12-21T03:00:00.0000000	2965.80000000	2975.80000000	2965.80000000	2974.20000000	6.46080000
2025-12-21T02:30:00.0000000	2968.10000000	2970.30000000	2963.30000000	2965.10000000	5.09130000
2025-12-21T02:00:00.0000000	2967.40000000	2974.40000000	2962.30000000	2967.90000000	2.69170000
2025-12-21T01:30:00.0000000	2974.40000000	2974.40000000	2962.70000000	2967.50000000	2.03340000
2025-12-21T01:00:00.0000000	2979.50000000	2979.50000000	2974.40000000	2974.40000000	6.50010000
2025-12-21T00:30:00.0000000	2980.70000000	2980.70000000	2977.60000000	2979.90000000	0.61810000
2025-12-21T00:00:00.0000000	2978.80000000	2981.60000000	2976.40000000	2980.70000000	0.80920000
2025-12-20T23:30:00.0000000	2976.20000000	2979.70000000	2972.80000000	2978.50000000	6.82910000
2025-12-20T23:00:00.0000000	2976.90000000	2978.10000000	2974.50000000	2975.80000000	1.53240000
2025-12-20T22:30:00.0000000	2974.70000000	2980.80000000	2973.90000000	2978.60000000	0.48780000
2025-12-20T22:00:00.0000000	2979.60000000	2980.50000000	2974.10000000	2974.10000000	0.99970000
2025-12-20T21:30:00.0000000	2983.00000000	2984.00000000	2978.60000000	2979.10000000	1.16330000
2025-12-20T21:00:00.0000000	2985.30000000	2985.90000000	2982.50000000	2982.70000000	0.60620000
2025-12-20T20:30:00.0000000	2980.30000000	2990.30000000	2978.40000000	2984.00000000	4.37820000
2025-12-20T20:00:00.0000000	2977.70000000	2982.00000000	2977.60000000	2980.30000000	0.58050000
2025-12-20T19:30:00.0000000	2978.00000000	2981.20000000	2970.40000000	2977.90000000	1.21820000
2025-12-20T19:00:00.0000000	2976.50000000	2980.90000000	2976.50000000	2976.70000000	0.76800000
2025-12-20T18:30:00.0000000	2984.90000000	2984.90000000	2974.40000000	2977.80000000	12.05740000
2025-12-20T18:00:00.0000000	2978.70000000	2979.90000000	2975.00000000	2976.80000000	1.37650000
2025-12-20T17:30:00.0000000	2978.50000000	2979.60000000	2975.80000000	2979.60000000	0.80110000
2025-12-20T17:00:00.0000000	2979.60000000	2980.90000000	2976.20000000	2979.40000000	1.12160000
2025-12-20T16:30:00.0000000	2976.20000000	2979.00000000	2976.20000000	2977.80000000	0.73610000
2025-12-20T16:00:00.0000000	2977.70000000	2980.70000000	2973.70000000	2976.70000000	1.21500000
2025-12-20T15:30:00.0000000	2975.50000000	2977.70000000	2974.40000000	2975.90000000	0.94610000
2025-12-20T15:00:00.0000000	2979.50000000	2979.50000000	2971.00000000	2972.00000000	1.05400000
2025-12-20T14:30:00.0000000	2975.70000000	2983.80000000	2974.70000000	2980.00000000	0.58300000
2025-12-20T14:00:00.0000000	2979.50000000	2979.50000000	2970.90000000	2976.30000000	2.89640000
2025-12-20T13:30:00.0000000	2971.20000000	2982.40000000	2971.20000000	2979.80000000	1.99010000
2025-12-20T13:00:00.0000000	2989.90000000	2992.30000000	2969.70000000	2972.30000000	3.68810000
2025-12-20T12:30:00.0000000	2989.90000000	2992.90000000	2984.90000000	2989.50000000	2.08360000
2025-12-20T12:00:00.0000000	2987.60000000	2992.40000000	2987.20000000	2990.40000000	2.65580000
2025-12-20T11:30:00.0000000	2988.00000000	2988.00000000	2984.90000000	2986.80000000	2.39240000
2025-12-20T11:00:00.0000000	2978.80000000	2989.00000000	2976.10000000	2986.90000000	1.56590000
2025-12-20T10:30:00.0000000	2979.10000000	2980.40000000	2974.90000000	2978.30000000	1.35550000
2025-12-20T10:00:00.0000000	2983.60000000	2985.90000000	2977.10000000	2977.80000000	2.61200000
2025-12-20T09:30:00.0000000	2985.50000000	2987.10000000	2982.70000000	2982.70000000	1.84490000
2025-12-20T09:00:00.0000000	2984.30000000	2986.60000000	2980.60000000	2983.80000000	8.17980000
2025-12-20T08:30:00.0000000	2993.70000000	2995.70000000	2980.50000000	2982.60000000	206.04950000
2025-12-20T08:00:00.0000000	3021.30000000	3032.80000000	2990.00000000	2993.60000000	44.03440000
2025-12-20T07:30:00.0000000	3020.60000000	3029.30000000	2990.60000000	3029.30000000	2.99600000
2025-12-20T07:00:00.0000000	3010.70000000	3027.70000000	2985.30000000	3018.30000000	0.58220000
2025-12-20T06:30:00.0000000	3027.70000000	3031.90000000	2988.90000000	3026.30000000	1.21780000
2025-12-20T06:00:00.0000000	3026.70000000	3031.90000000	2990.50000000	3028.20000000	2.56050000
2025-12-20T05:30:00.0000000	3028.40000000	3031.30000000	2992.10000000	3026.70000000	0.78940000
2025-12-20T05:00:00.0000000	2989.50000000	3028.40000000	2988.60000000	3028.40000000	1.13400000
2025-12-20T04:30:00.0000000	3024.00000000	3027.50000000	2989.30000000	3024.70000000	1.32640000
2025-12-20T04:00:00.0000000	2994.50000000	3030.90000000	2986.20000000	3023.00000000	0.72640000
2025-12-20T03:30:00.0000000	2993.90000000	3033.10000000	2993.90000000	3030.00000000	1.18140000
2025-12-20T03:00:00.0000000	3018.70000000	3028.60000000	2986.90000000	3028.60000000	1.82820000
2025-12-20T02:30:00.0000000	2986.60000000	3030.50000000	2981.60000000	2986.60000000	7.89830000
2025-12-20T02:00:00.0000000	3009.20000000	3012.00000000	2977.20000000	3012.00000000	1.14460000
2025-12-20T01:30:00.0000000	2982.80000000	3014.90000000	2976.70000000	3008.90000000	2.46430000
2025-12-20T01:00:00.0000000	3007.10000000	3014.00000000	2976.60000000	3013.70000000	3.27970000
2025-12-20T00:30:00.0000000	3008.80000000	3009.90000000	2977.20000000	2996.50000000	1.03360000
2025-12-20T00:00:00.0000000	3010.20000000	3010.20000000	2973.30000000	2979.10000000	2.35140000
2025-12-19T23:30:00.0000000	3021.00000000	3054.90000000	2980.30000000	2982.80000000	17.45500000
2025-12-19T23:00:00.0000000	3007.70000000	3028.60000000	2984.10000000	2987.60000000	2.87470000
2025-12-19T22:30:00.0000000	3031.40000000	3031.70000000	2988.50000000	2989.80000000	4.26960000
2025-12-19T22:00:00.0000000	2997.10000000	3031.20000000	2981.40000000	2993.30000000	2.39430000
2025-12-19T21:30:00.0000000	2985.00000000	3053.40000000	2982.00000000	3006.10000000	5.57760000
2025-12-19T21:00:00.0000000	3029.90000000	3034.60000000	2984.40000000	2984.40000000	1.84090000
2025-12-19T20:30:00.0000000	3011.30000000	3105.40000000	2975.20000000	3001.00000000	27.49170000
2025-12-19T20:00:00.0000000	2957.30000000	3105.00000000	2944.90000000	3099.00000000	432.78520000
2025-12-19T19:30:00.0000000	2945.00000000	2980.90000000	2944.30000000	2956.10000000	5.02100000
2025-12-19T19:00:00.0000000	2932.00000000	2973.80000000	2932.00000000	2968.20000000	7.55050000
2025-12-19T18:30:00.0000000	2936.40000000	2958.00000000	2921.50000000	2953.50000000	5.72680000
2025-12-19T18:00:00.0000000	2937.50000000	2965.10000000	2901.30000000	2957.00000000	13.48330000
2025-12-19T17:30:00.0000000	2963.40000000	2963.40000000	2900.60000000	2900.60000000	11.98700000
2025-12-19T17:00:00.0000000	2932.00000000	2980.20000000	2927.20000000	2943.70000000	7.28140000
2025-12-19T16:30:00.0000000	2967.40000000	2983.90000000	2920.00000000	2929.90000000	4.00250000
2025-12-19T16:00:00.0000000	2950.00000000	2978.30000000	2922.80000000	2949.20000000	16.02330000
2025-12-19T15:30:00.0000000	2929.30000000	2958.40000000	2892.60000000	2907.10000000	1.82700000
2025-12-19T15:00:00.0000000	2960.00000000	2971.40000000	2888.00000000	2940.00000000	4.45560000
2025-12-19T14:30:00.0000000	2890.00000000	2979.00000000	2868.80000000	2964.50000000	32.64810000
2025-12-19T14:00:00.0000000	2923.50000000	2960.00000000	2890.00000000	2890.00000000	2.54190000
2025-12-19T13:30:00.0000000	2952.40000000	2952.40000000	2890.00000000	2890.00000000	3.49830000
2025-12-19T13:00:00.0000000	2917.20000000	2950.40000000	2890.00000000	2890.00000000	1.88730000
2025-12-19T12:30:00.0000000	2912.40000000	2925.90000000	2884.50000000	2890.00000000	2.93240000
2025-12-19T12:00:00.0000000	2928.70000000	2950.80000000	2847.90000000	2931.20000000	7.22680000
2025-12-19T11:30:00.0000000	2935.10000000	2955.20000000	2860.10000000	2929.30000000	6.05090000
2025-12-19T11:00:00.0000000	2943.80000000	2950.30000000	2850.70000000	2943.90000000	3.37300000
2025-12-19T10:30:00.0000000	2880.00000000	2944.80000000	2849.30000000	2942.90000000	11.63490000
2025-12-19T10:00:00.0000000	2854.90000000	2948.90000000	2854.90000000	2880.00000000	0.91620000
2025-12-19T09:30:00.0000000	2944.30000000	2948.10000000	2851.40000000	2942.90000000	1.91720000
2025-12-19T09:00:00.0000000	2853.90000000	2944.20000000	2849.80000000	2854.50000000	0.89380000
2025-12-19T08:30:00.0000000	2850.00000000	2943.00000000	2844.50000000	2931.30000000	1.17490000
2025-12-19T08:00:00.0000000	2938.00000000	2952.90000000	2846.30000000	2942.70000000	1.09490000
2025-12-19T07:30:00.0000000	2929.30000000	2941.50000000	2831.60000000	2934.60000000	5.47120000
2025-12-19T07:00:00.0000000	2863.00000000	2956.10000000	2834.10000000	2851.00000000	8.00500000
2025-12-19T06:30:00.0000000	2888.50000000	2888.50000000	2821.90000000	2864.00000000	0.37460000
2025-12-19T06:00:00.0000000	2826.80000000	2906.90000000	2815.00000000	2830.50000000	3.80860000
2025-12-19T05:30:00.0000000	2867.90000000	2910.00000000	2817.50000000	2910.00000000	4.51000000
2025-12-19T05:00:00.0000000	2833.50000000	2899.60000000	2816.60000000	2886.60000000	2.59360000
2025-12-19T04:30:00.0000000	2899.60000000	2899.60000000	2826.20000000	2832.10000000	8.51560000
2025-12-19T04:00:00.0000000	2869.10000000	2919.80000000	2819.20000000	2895.10000000	9.05300000
2025-12-19T03:30:00.0000000	2878.80000000	2915.50000000	2798.50000000	2898.00000000	7.64160000
2025-12-19T03:00:00.0000000	2780.50000000	2886.70000000	2752.30000000	2886.10000000	8.45460000
2025-12-19T02:30:00.0000000	2769.50000000	2826.30000000	2744.10000000	2826.30000000	3.81360000
2025-12-19T02:00:00.0000000	2808.40000000	2818.20000000	2705.70000000	2818.20000000	87.78300000
2025-12-19T01:30:00.0000000	2813.20000000	2813.90000000	2799.80000000	2810.20000000	1.21330000
2025-12-19T01:00:00.0000000	2808.80000000	2823.30000000	2808.70000000	2813.80000000	1.98940000
2025-12-19T00:30:00.0000000	2815.60000000	2815.60000000	2804.20000000	2807.30000000	2.54260000
2025-12-19T00:00:00.0000000	2812.90000000	2830.20000000	2812.90000000	2815.80000000	1.31540000
2025-12-18T23:30:00.0000000	2814.10000000	2814.10000000	2808.40000000	2812.50000000	1.05650000
2025-12-18T23:00:00.0000000	2810.90000000	2816.80000000	2810.90000000	2811.20000000	1.91890000
2025-12-18T22:30:00.0000000	2811.50000000	2814.20000000	2806.00000000	2806.00000000	2.02410000
2025-12-18T22:00:00.0000000	2813.90000000	2823.90000000	2807.50000000	2809.60000000	1.91830000
2025-12-18T21:30:00.0000000	2808.00000000	2816.40000000	2803.20000000	2814.30000000	3.98860000
2025-12-18T21:00:00.0000000	2772.20000000	2809.40000000	2772.20000000	2809.10000000	2.97200000
2025-12-18T20:30:00.0000000	2763.00000000	2785.10000000	2754.70000000	2771.00000000	22.10800000
2025-12-18T20:00:00.0000000	2745.00000000	2799.00000000	2695.10000000	2793.60000000	50.63640000
2025-12-18T19:30:00.0000000	2791.50000000	2814.80000000	2693.20000000	2695.80000000	3.72050000
2025-12-18T19:00:00.0000000	2733.20000000	2815.70000000	2725.40000000	2730.00000000	2.54080000
2025-12-18T18:30:00.0000000	2756.00000000	2840.30000000	2728.00000000	2734.60000000	3.41250000
2025-12-18T18:00:00.0000000	2789.30000000	2841.10000000	2749.40000000	2749.40000000	2.30340000
2025-12-18T17:30:00.0000000	2804.60000000	2836.30000000	2711.70000000	2824.20000000	13.34660000
2025-12-18T17:00:00.0000000	2863.20000000	2934.60000000	2722.60000000	2813.80000000	6.21040000
2025-12-18T16:30:00.0000000	2910.40000000	2930.00000000	2818.80000000	2834.40000000	1.50160000
2025-12-18T16:00:00.0000000	2853.30000000	2955.90000000	2830.20000000	2920.00000000	4.85050000
2025-12-18T15:30:00.0000000	2871.10000000	2898.80000000	2848.10000000	2854.40000000	0.50800000
2025-12-18T15:00:00.0000000	2897.20000000	2937.20000000	2816.80000000	2875.50000000	1.90360000
2025-12-18T14:30:00.0000000	2933.70000000	2957.50000000	2827.70000000	2827.70000000	1.72600000
2025-12-18T14:00:00.0000000	2942.60000000	2956.50000000	2822.30000000	2923.60000000	3.89470000
2025-12-18T13:30:00.0000000	2878.40000000	2953.20000000	2794.30000000	2942.60000000	6.00680000
2025-12-18T13:00:00.0000000	2807.20000000	2888.90000000	2765.70000000	2866.30000000	4.68050000
2025-12-18T12:30:00.0000000	2745.10000000	2861.60000000	2745.10000000	2858.40000000	9.62550000
2025-12-18T12:00:00.0000000	2848.10000000	2848.90000000	2743.00000000	2744.80000000	5.78990000
2025-12-18T11:30:00.0000000	2747.40000000	2847.80000000	2737.80000000	2746.30000000	13.92350000
2025-12-18T11:00:00.0000000	2846.80000000	2847.60000000	2740.20000000	2843.70000000	6.46440000
2025-12-18T10:30:00.0000000	2813.60000000	2848.60000000	2744.00000000	2807.90000000	2.41750000
2025-12-18T10:00:00.0000000	2738.90000000	2847.50000000	2737.00000000	2827.30000000	2.46390000
2025-12-18T09:30:00.0000000	2735.80000000	2846.80000000	2734.70000000	2739.20000000	3.44540000
2025-12-18T09:00:00.0000000	2728.00000000	2835.60000000	2724.40000000	2835.60000000	2.55840000
2025-12-18T08:30:00.0000000	2733.10000000	2839.90000000	2728.00000000	2834.90000000	1.92750000
2025-12-18T08:00:00.0000000	2724.30000000	2829.20000000	2724.30000000	2733.10000000	2.82290000
2025-12-18T07:30:00.0000000	2742.30000000	2750.00000000	2720.20000000	2720.30000000	0.58120000
2025-12-18T07:00:00.0000000	2787.50000000	2821.30000000	2716.90000000	2820.00000000	2.52820000
2025-12-18T06:30:00.0000000	2742.30000000	2815.30000000	2712.80000000	2752.90000000	0.67370000
2025-12-18T06:00:00.0000000	2740.00000000	2817.60000000	2715.20000000	2813.40000000	1.96390000
2025-12-18T05:30:00.0000000	2735.00000000	2818.60000000	2711.10000000	2711.40000000	2.28880000
2025-12-18T05:00:00.0000000	2721.60000000	2821.10000000	2713.50000000	2713.50000000	1.31250000
2025-12-18T04:30:00.0000000	2777.30000000	2827.30000000	2723.70000000	2723.70000000	1.49620000
2025-12-18T04:00:00.0000000	2781.40000000	2827.00000000	2719.10000000	2824.40000000	1.09760000
2025-12-18T03:30:00.0000000	2750.00000000	2821.20000000	2713.60000000	2784.70000000	2.05430000
2025-12-18T03:00:00.0000000	2775.80000000	2827.10000000	2716.70000000	2716.70000000	2.61400000
2025-12-18T02:30:00.0000000	2825.00000000	2832.50000000	2721.80000000	2750.00000000	4.07260000
2025-12-18T02:00:00.0000000	2750.00000000	2833.70000000	2720.00000000	2825.10000000	2.84390000
2025-12-18T01:30:00.0000000	2785.40000000	2820.80000000	2714.10000000	2715.60000000	2.79850000
2025-12-18T01:00:00.0000000	2825.00000000	2826.60000000	2716.60000000	2817.90000000	3.02820000
2025-12-18T00:30:00.0000000	2787.00000000	2829.40000000	2721.00000000	2828.50000000	3.22470000
2025-12-18T00:00:00.0000000	2725.60000000	2828.10000000	2718.10000000	2729.30000000	5.81210000
2025-12-17T23:30:00.0000000	2813.20000000	2818.10000000	2711.20000000	2725.90000000	139.24150000
2025-12-17T23:00:00.0000000	2820.00000000	2823.00000000	2807.50000000	2812.60000000	5.61510000
2025-12-17T22:30:00.0000000	2820.60000000	2826.10000000	2814.70000000	2823.20000000	5.84110000
2025-12-17T22:00:00.0000000	2808.30000000	2821.80000000	2802.40000000	2820.90000000	4.67720000
2025-12-17T21:30:00.0000000	2810.00000000	2811.20000000	2802.10000000	2808.80000000	11.67180000
2025-12-17T21:00:00.0000000	2812.70000000	2820.40000000	2806.70000000	2810.30000000	8.96320000
2025-12-17T20:30:00.0000000	2820.10000000	2820.10000000	2807.40000000	2810.30000000	4.77240000
2025-12-17T20:00:00.0000000	2810.20000000	2823.10000000	2798.20000000	2821.50000000	7.71120000
2025-12-17T19:30:00.0000000	2798.30000000	2810.30000000	2783.50000000	2810.00000000	8.47770000
2025-12-17T19:00:00.0000000	2802.70000000	2807.00000000	2785.30000000	2798.40000000	20.58470000
2025-12-17T18:30:00.0000000	2842.10000000	2843.70000000	2801.00000000	2802.40000000	11.66750000
2025-12-17T18:00:00.0000000	2843.00000000	2853.80000000	2838.10000000	2842.40000000	5.46710000
2025-12-17T17:30:00.0000000	2857.60000000	2863.10000000	2835.40000000	2840.70000000	5.34020000
2025-12-17T17:00:00.0000000	2854.00000000	2870.40000000	2836.70000000	2859.40000000	20.06620000
2025-12-17T16:30:00.0000000	2838.10000000	2853.40000000	2826.80000000	2853.20000000	8.70360000
2025-12-17T16:00:00.0000000	2893.80000000	2917.40000000	2837.30000000	2837.30000000	14.87820000
2025-12-17T15:30:00.0000000	3000.80000000	3004.20000000	2877.40000000	2900.40000000	29.82610000
2025-12-17T15:00:00.0000000	2979.10000000	3016.10000000	2966.80000000	2997.50000000	6.84190000
2025-12-17T14:30:00.0000000	2931.30000000	2980.50000000	2871.50000000	2979.20000000	23.98660000
2025-12-17T14:00:00.0000000	2932.60000000	2936.70000000	2928.70000000	2928.70000000	8.28350000
2025-12-17T13:30:00.0000000	2914.70000000	2943.30000000	2913.70000000	2935.40000000	27.13950000
2025-12-17T13:00:00.0000000	2914.20000000	2923.50000000	2910.60000000	2915.20000000	2.45600000
2025-12-17T12:30:00.0000000	2915.80000000	2920.90000000	2911.70000000	2913.70000000	11.49790000
2025-12-17T12:00:00.0000000	2918.00000000	2925.40000000	2915.20000000	2917.10000000	13.70520000
2025-12-17T11:30:00.0000000	2918.40000000	2923.20000000	2916.50000000	2916.50000000	8.42670000
2025-12-17T11:00:00.0000000	2912.60000000	2920.90000000	2909.80000000	2918.50000000	5.63400000
2025-12-17T10:30:00.0000000	2912.00000000	2916.70000000	2907.30000000	2909.40000000	17.46770000
2025-12-17T10:00:00.0000000	2916.00000000	2918.10000000	2900.00000000	2914.90000000	19.76990000
2025-12-17T09:30:00.0000000	2915.60000000	2920.50000000	2910.70000000	2915.90000000	30.11800000
2025-12-17T09:00:00.0000000	2918.10000000	2925.30000000	2910.20000000	2912.70000000	28.62710000
2025-12-17T08:30:00.0000000	2922.60000000	2924.70000000	2914.40000000	2916.50000000	20.38560000
2025-12-17T08:00:00.0000000	2935.50000000	2939.90000000	2920.80000000	2922.30000000	8.52920000
2025-12-17T07:30:00.0000000	2926.10000000	2938.30000000	2923.90000000	2935.10000000	12.08990000
2025-12-17T07:00:00.0000000	2925.40000000	2929.50000000	2915.70000000	2926.70000000	7.09600000
2025-12-17T06:30:00.0000000	2928.10000000	2932.90000000	2921.20000000	2925.50000000	16.95880000
2025-12-17T06:00:00.0000000	2920.10000000	2932.40000000	2917.10000000	2930.80000000	30.83220000
2025-12-17T05:30:00.0000000	2913.50000000	2927.00000000	2900.10000000	2921.20000000	11.12090000
2025-12-17T05:00:00.0000000	2923.10000000	2926.80000000	2906.10000000	2914.80000000	18.22910000
2025-12-17T04:30:00.0000000	2933.00000000	2933.10000000	2919.50000000	2921.70000000	9.84040000
2025-12-17T04:00:00.0000000	2939.80000000	2942.00000000	2909.40000000	2933.00000000	26.74250000
2025-12-17T03:30:00.0000000	2942.30000000	2943.80000000	2935.80000000	2937.80000000	11.90340000
2025-12-17T03:00:00.0000000	2952.60000000	2953.90000000	2942.70000000	2944.70000000	4.51210000
2025-12-17T02:30:00.0000000	2939.20000000	2955.20000000	2936.20000000	2950.70000000	12.22320000
2025-12-17T02:00:00.0000000	2946.90000000	2946.90000000	2931.80000000	2940.30000000	7.21550000
2025-12-17T01:30:00.0000000	2953.60000000	2958.80000000	2941.90000000	2942.30000000	7.12670000
2025-12-17T01:00:00.0000000	2942.90000000	2964.90000000	2942.90000000	2953.30000000	10.40080000
2025-12-17T00:30:00.0000000	2944.00000000	2944.00000000	2937.60000000	2942.60000000	2.56110000
2025-12-17T00:00:00.0000000	2952.70000000	2952.70000000	2942.20000000	2945.90000000	8.70390000
2025-12-16T23:30:00.0000000	2942.80000000	2953.30000000	2940.50000000	2952.70000000	8.12620000
2025-12-16T23:00:00.0000000	2942.50000000	2944.20000000	2938.50000000	2939.00000000	3.30860000
2025-12-16T22:30:00.0000000	2945.90000000	2948.40000000	2942.90000000	2944.50000000	5.14520000
2025-12-16T22:00:00.0000000	2941.80000000	2945.40000000	2935.90000000	2943.20000000	4.73080000
2025-12-16T21:30:00.0000000	2942.40000000	2946.40000000	2940.00000000	2943.20000000	3.87510000
2025-12-16T21:00:00.0000000	2941.40000000	2941.40000000	2928.80000000	2938.80000000	4.82010000
2025-12-16T20:30:00.0000000	2945.20000000	2954.00000000	2939.60000000	2940.90000000	4.73860000
2025-12-16T20:00:00.0000000	2939.10000000	2944.00000000	2937.00000000	2942.00000000	7.25190000
2025-12-16T19:30:00.0000000	2924.70000000	2948.60000000	2921.70000000	2938.80000000	3.51040000
2025-12-16T19:00:00.0000000	2942.20000000	2945.70000000	2912.80000000	2920.80000000	6.73190000
2025-12-16T18:30:00.0000000	2925.00000000	2958.10000000	2925.00000000	2946.30000000	9.98330000
2025-12-16T18:00:00.0000000	2909.50000000	2926.00000000	2907.30000000	2921.70000000	6.50360000
2025-12-16T17:30:00.0000000	2928.30000000	2931.60000000	2909.90000000	2909.90000000	7.75950000
2025-12-16T17:00:00.0000000	2929.90000000	2946.20000000	2921.50000000	2921.50000000	4.09180000
2025-12-16T16:30:00.0000000	2940.90000000	2940.90000000	2919.60000000	2932.80000000	7.18360000
2025-12-16T16:00:00.0000000	2953.60000000	2957.10000000	2935.20000000	2943.30000000	9.20760000
2025-12-16T15:30:00.0000000	2913.80000000	2963.30000000	2913.80000000	2950.80000000	10.53150000
2025-12-16T15:00:00.0000000	2929.50000000	2929.90000000	2907.40000000	2916.30000000	3.66290000
2025-12-16T14:30:00.0000000	2927.30000000	2939.90000000	2910.10000000	2929.80000000	6.11410000
2025-12-16T14:00:00.0000000	2909.80000000	2929.20000000	2879.40000000	2921.60000000	8.18970000
2025-12-16T13:30:00.0000000	2948.60000000	2948.60000000	2904.50000000	2904.50000000	21.13340000
2025-12-16T13:00:00.0000000	2941.20000000	2948.60000000	2939.90000000	2948.60000000	2.01030000
2025-12-16T12:30:00.0000000	2941.10000000	2946.60000000	2938.40000000	2943.80000000	3.04200000
2025-12-16T12:00:00.0000000	2949.30000000	2951.30000000	2940.00000000	2940.00000000	1.58230000
2025-12-16T11:30:00.0000000	2949.10000000	2951.80000000	2941.20000000	2946.40000000	7.72780000
2025-12-16T11:00:00.0000000	2938.00000000	2947.60000000	2932.10000000	2947.60000000	11.54490000
2025-12-16T10:30:00.0000000	2920.80000000	2955.00000000	2920.80000000	2937.50000000	7.31480000
2025-12-16T10:00:00.0000000	2917.30000000	2925.20000000	2917.30000000	2921.40000000	4.19150000
2025-12-16T09:30:00.0000000	2921.80000000	2923.40000000	2918.50000000	2918.50000000	0.43200000
2025-12-16T09:00:00.0000000	2922.70000000	2923.00000000	2918.50000000	2921.40000000	1.70170000
2025-12-16T08:30:00.0000000	2920.60000000	2930.10000000	2917.40000000	2922.50000000	4.92440000
2025-12-16T08:00:00.0000000	2910.20000000	2925.30000000	2910.20000000	2922.10000000	1.97510000
2025-12-16T07:30:00.0000000	2920.40000000	2920.60000000	2907.30000000	2910.20000000	5.99650000
2025-12-16T07:00:00.0000000	2934.90000000	2935.80000000	2917.00000000	2918.70000000	1.89830000
2025-12-16T06:30:00.0000000	2929.30000000	2939.20000000	2928.80000000	2935.00000000	9.08350000
2025-12-16T06:00:00.0000000	2913.60000000	2932.50000000	2913.30000000	2931.00000000	5.61920000
2025-12-16T05:30:00.0000000	2904.50000000	2916.80000000	2904.50000000	2914.10000000	10.16840000
2025-12-16T05:00:00.0000000	2906.90000000	2914.40000000	2905.90000000	2907.00000000	3.10840000
2025-12-16T04:30:00.0000000	2910.40000000	2913.20000000	2872.10000000	2907.30000000	12.60710000
2025-12-16T04:00:00.0000000	2929.00000000	2929.00000000	2910.40000000	2912.10000000	12.64090000
2025-12-16T03:30:00.0000000	2927.60000000	2930.50000000	2914.50000000	2927.10000000	24.87860000
2025-12-16T03:00:00.0000000	2937.70000000	2940.60000000	2920.50000000	2927.30000000	8.87300000
2025-12-16T02:30:00.0000000	2955.50000000	2956.90000000	2935.00000000	2939.40000000	5.72100000
2025-12-16T02:00:00.0000000	2939.20000000	2956.80000000	2934.40000000	2956.80000000	2.80990000
2025-12-16T01:30:00.0000000	2943.00000000	2948.60000000	2931.90000000	2939.20000000	2.42770000
2025-12-16T01:00:00.0000000	2934.50000000	2952.20000000	2934.00000000	2941.40000000	2.15040000
2025-12-16T00:30:00.0000000	2966.60000000	2966.60000000	2933.30000000	2933.30000000	8.98710000
2025-12-16T00:00:00.0000000	2955.40000000	2970.80000000	2955.40000000	2969.00000000	10.37070000
2025-12-15T23:30:00.0000000	2948.40000000	2953.40000000	2947.10000000	2952.40000000	3.04540000
2025-12-15T23:00:00.0000000	2938.90000000	2957.50000000	2938.90000000	2947.10000000	3.55310000
2025-12-15T22:30:00.0000000	2930.80000000	2940.40000000	2925.90000000	2940.00000000	2.14880000
2025-12-15T22:00:00.0000000	2935.10000000	2935.10000000	2928.70000000	2928.70000000	1.07620000
2025-12-15T21:30:00.0000000	2933.30000000	2935.50000000	2927.70000000	2934.60000000	2.65560000
2025-12-15T21:00:00.0000000	2923.00000000	2935.00000000	2910.00000000	2935.00000000	12.93720000
2025-12-15T20:30:00.0000000	2915.50000000	2933.40000000	2915.50000000	2924.80000000	3.87900000
2025-12-15T20:00:00.0000000	2926.40000000	2928.50000000	2912.50000000	2919.60000000	3.00540000
2025-12-15T19:30:00.0000000	2942.50000000	2943.90000000	2932.20000000	2934.20000000	2.30340000
2025-12-15T19:00:00.0000000	2925.80000000	2954.20000000	2925.00000000	2938.00000000	5.56810000
2025-12-15T18:30:00.0000000	2922.20000000	2931.10000000	2890.40000000	2928.50000000	13.67960000
2025-12-15T18:00:00.0000000	2926.40000000	2935.70000000	2917.50000000	2922.70000000	7.20840000
2025-12-15T17:30:00.0000000	2967.20000000	2967.30000000	2929.80000000	2929.80000000	14.91880000
2025-12-15T17:00:00.0000000	2982.30000000	2985.00000000	2962.60000000	2968.30000000	6.05530000
2025-12-15T16:30:00.0000000	2999.50000000	2999.60000000	2961.90000000	2975.20000000	8.59580000
2025-12-15T16:00:00.0000000	2996.70000000	3007.20000000	2995.20000000	2999.10000000	4.50010000
2025-12-15T15:30:00.0000000	2990.50000000	3012.40000000	2977.20000000	2995.60000000	12.12180000
2025-12-15T15:00:00.0000000	3029.00000000	3040.00000000	2942.20000000	2989.90000000	35.33470000
2025-12-15T14:30:00.0000000	3116.50000000	3135.00000000	3017.90000000	3047.00000000	21.84520000
2025-12-15T14:00:00.0000000	3123.30000000	3135.80000000	3117.60000000	3119.60000000	7.96800000
2025-12-15T13:30:00.0000000	3128.40000000	3129.80000000	3120.30000000	3124.30000000	5.77570000
2025-12-15T13:00:00.0000000	3144.70000000	3147.30000000	3123.00000000	3129.00000000	17.96730000
2025-12-15T12:30:00.0000000	3140.20000000	3149.90000000	3140.00000000	3148.70000000	6.10340000
2025-12-15T12:00:00.0000000	3150.00000000	3150.00000000	3139.60000000	3141.60000000	16.33960000
2025-12-15T11:30:00.0000000	3151.10000000	3151.90000000	3135.30000000	3147.60000000	10.51970000
2025-12-15T11:00:00.0000000	3149.30000000	3154.40000000	3147.90000000	3151.50000000	10.92220000
2025-12-15T10:30:00.0000000	3160.70000000	3167.00000000	3146.80000000	3149.80000000	8.19710000
2025-12-15T10:00:00.0000000	3147.00000000	3164.90000000	3143.50000000	3161.10000000	13.22120000
2025-12-15T09:30:00.0000000	3138.10000000	3151.00000000	3136.10000000	3146.30000000	10.20250000
2025-12-15T09:00:00.0000000	3133.70000000	3141.80000000	3132.50000000	3139.70000000	8.44470000
2025-12-15T08:30:00.0000000	3132.20000000	3134.60000000	3130.80000000	3133.40000000	4.98940000
2025-12-15T08:00:00.0000000	3119.20000000	3136.30000000	3118.50000000	3132.40000000	21.49270000
2025-12-15T07:30:00.0000000	3114.60000000	3117.20000000	3109.70000000	3115.20000000	3.10210000
2025-12-15T07:00:00.0000000	3126.70000000	3126.80000000	3110.90000000	3114.50000000	9.29100000
2025-12-15T06:30:00.0000000	3108.90000000	3130.40000000	3108.90000000	3126.40000000	12.96040000
2025-12-15T06:00:00.0000000	3109.00000000	3110.80000000	3104.90000000	3109.70000000	12.92300000
2025-12-15T05:30:00.0000000	3109.20000000	3110.70000000	3105.90000000	3109.40000000	2.78710000
2025-12-15T05:00:00.0000000	3113.70000000	3113.70000000	3108.70000000	3110.80000000	5.29070000
2025-12-15T04:30:00.0000000	3097.40000000	3115.50000000	3097.40000000	3115.50000000	17.85610000
2025-12-15T04:00:00.0000000	3102.70000000	3107.50000000	3094.00000000	3098.00000000	18.11950000
2025-12-15T03:30:00.0000000	3109.20000000	3109.20000000	3098.00000000	3098.40000000	4.24880000
2025-12-15T03:00:00.0000000	3109.70000000	3116.30000000	3109.30000000	3111.40000000	4.71370000
2025-12-15T02:30:00.0000000	3122.30000000	3126.70000000	3106.70000000	3111.40000000	10.67430000
2025-12-15T02:00:00.0000000	3103.10000000	3142.20000000	3100.20000000	3121.60000000	10.64350000
2025-12-15T01:30:00.0000000	3068.90000000	3107.80000000	3065.20000000	3103.50000000	20.12980000
2025-12-15T01:00:00.0000000	3066.80000000	3071.80000000	3060.60000000	3068.60000000	1.84160000
2025-12-15T00:30:00.0000000	3071.00000000	3071.00000000	3052.90000000	3066.80000000	2.41030000
2025-12-15T00:00:00.0000000	3054.30000000	3073.10000000	3050.60000000	3066.20000000	2.09520000
2025-12-14T23:30:00.0000000	3050.10000000	3053.70000000	3027.80000000	3048.20000000	4.66770000
2025-12-14T23:00:00.0000000	3060.00000000	3070.80000000	3045.10000000	3045.10000000	3.06390000
2025-12-14T22:30:00.0000000	3058.70000000	3060.00000000	3042.30000000	3060.00000000	4.77290000
2025-12-14T22:00:00.0000000	3069.00000000	3078.20000000	3063.00000000	3064.20000000	0.97600000
2025-12-14T21:30:00.0000000	3072.60000000	3073.70000000	3067.00000000	3069.40000000	1.74550000
2025-12-14T21:00:00.0000000	3070.10000000	3080.10000000	3069.00000000	3075.60000000	2.16230000
2025-12-14T20:30:00.0000000	3079.50000000	3083.00000000	3069.40000000	3074.30000000	6.89410000
2025-12-14T20:00:00.0000000	3084.40000000	3084.50000000	3061.60000000	3078.90000000	19.97050000
2025-12-14T19:30:00.0000000	3083.60000000	3083.60000000	3076.00000000	3081.50000000	6.43700000
2025-12-14T19:00:00.0000000	3091.10000000	3092.50000000	3080.80000000	3083.60000000	8.27900000
2025-12-14T18:30:00.0000000	3083.70000000	3093.80000000	3083.00000000	3093.80000000	2.97160000
2025-12-14T18:00:00.0000000	3074.30000000	3088.20000000	3074.30000000	3080.00000000	0.95850000
2025-12-14T17:30:00.0000000	3066.00000000	3076.90000000	3066.00000000	3076.90000000	3.13030000
2025-12-14T17:00:00.0000000	3088.90000000	3094.50000000	3069.40000000	3074.40000000	4.16540000
2025-12-14T16:30:00.0000000	3094.10000000	3094.50000000	3079.10000000	3088.70000000	6.29540000
2025-12-14T16:00:00.0000000	3075.00000000	3093.60000000	3071.50000000	3093.00000000	1.98360000
2025-12-14T15:30:00.0000000	3066.00000000	3072.90000000	3062.50000000	3072.90000000	1.72720000
2025-12-14T15:00:00.0000000	3071.60000000	3074.00000000	3058.80000000	3065.90000000	4.00380000
2025-12-14T14:30:00.0000000	3083.30000000	3083.90000000	3065.00000000	3074.40000000	4.50450000
2025-12-14T14:00:00.0000000	3085.00000000	3091.00000000	3079.60000000	3080.90000000	5.31690000
2025-12-14T13:30:00.0000000	3081.20000000	3085.00000000	3076.10000000	3085.00000000	12.97670000
2025-12-14T13:00:00.0000000	3085.20000000	3088.70000000	3071.90000000	3081.90000000	17.66580000
2025-12-14T12:30:00.0000000	3087.20000000	3097.80000000	3087.20000000	3091.20000000	11.82250000
2025-12-14T12:00:00.0000000	3073.20000000	3090.40000000	3064.50000000	3087.90000000	5.11350000
2025-12-14T11:30:00.0000000	3084.80000000	3084.80000000	3046.00000000	3076.50000000	6.85550000
2025-12-14T11:00:00.0000000	3098.00000000	3098.00000000	3080.80000000	3086.90000000	2.57750000
2025-12-14T10:30:00.0000000	3097.90000000	3098.40000000	3095.70000000	3098.00000000	1.87280000
2025-12-14T10:00:00.0000000	3101.00000000	3103.80000000	3078.50000000	3101.90000000	104.90460000
2025-12-14T09:30:00.0000000	3102.60000000	3103.00000000	3088.50000000	3100.70000000	81.21650000
2025-12-14T09:00:00.0000000	3104.10000000	3105.70000000	3102.10000000	3102.60000000	1.05160000
2025-12-14T08:30:00.0000000	3109.90000000	3111.80000000	3100.30000000	3100.30000000	4.49250000
2025-12-14T08:00:00.0000000	3105.80000000	3111.70000000	3105.80000000	3109.90000000	4.00610000
2025-12-14T07:30:00.0000000	3098.00000000	3103.00000000	3095.90000000	3100.70000000	2.02130000
2025-12-14T07:00:00.0000000	3098.30000000	3100.10000000	3097.30000000	3098.00000000	2.41500000
2025-12-14T06:30:00.0000000	3098.80000000	3100.50000000	3096.20000000	3098.80000000	1.49540000
2025-12-14T06:00:00.0000000	3100.70000000	3103.00000000	3098.20000000	3098.20000000	1.14560000
2025-12-14T05:30:00.0000000	3095.00000000	3102.90000000	3095.00000000	3100.30000000	1.87530000
2025-12-14T05:00:00.0000000	3100.60000000	3102.70000000	3095.80000000	3098.10000000	1.97300000
2025-12-14T04:30:00.0000000	3108.60000000	3110.10000000	3097.00000000	3101.30000000	2.80090000
2025-12-14T04:00:00.0000000	3109.70000000	3112.40000000	3108.20000000	3110.60000000	2.03810000
2025-12-14T03:30:00.0000000	3108.70000000	3110.50000000	3107.80000000	3109.70000000	2.93180000
2025-12-14T03:00:00.0000000	3114.00000000	3115.70000000	3111.90000000	3113.00000000	9.98590000
2025-12-14T02:30:00.0000000	3112.80000000	3115.00000000	3108.70000000	3112.60000000	1.06170000
2025-12-14T02:00:00.0000000	3112.10000000	3117.10000000	3109.80000000	3116.90000000	14.61890000
2025-12-14T01:30:00.0000000	3116.40000000	3119.80000000	3107.50000000	3110.90000000	19.90110000
2025-12-14T01:00:00.0000000	3110.70000000	3118.60000000	3108.00000000	3117.00000000	15.35330000
2025-12-14T00:30:00.0000000	3099.70000000	3112.20000000	3099.60000000	3109.20000000	23.14420000
2025-12-14T00:00:00.0000000	3097.20000000	3104.30000000	3090.60000000	3099.70000000	18.43720000
2025-12-13T23:30:00.0000000	3080.50000000	3099.70000000	3072.40000000	3097.30000000	15.57770000
2025-12-13T23:00:00.0000000	3060.00000000	3098.10000000	3060.00000000	3096.10000000	15.37160000
2025-12-13T22:30:00.0000000	3060.00000000	3101.50000000	3060.00000000	3098.50000000	14.95900000
2025-12-13T22:00:00.0000000	3076.00000000	3101.10000000	3019.30000000	3092.70000000	4.52820000
2025-12-13T21:30:00.0000000	3015.20000000	3091.50000000	3011.30000000	3015.70000000	1.85490000
2025-12-13T21:00:00.0000000	3018.20000000	3090.20000000	3014.80000000	3015.20000000	2.32370000
2025-12-13T20:30:00.0000000	3022.40000000	3096.40000000	3017.30000000	3091.50000000	3.39520000
2025-12-13T20:00:00.0000000	3074.20000000	3096.80000000	3010.80000000	3077.00000000	4.40660000
2025-12-13T19:30:00.0000000	3081.50000000	3099.00000000	3020.90000000	3095.00000000	2.10560000
2025-12-13T19:00:00.0000000	3079.60000000	3093.50000000	3021.00000000	3021.00000000	2.58050000
2025-12-13T18:30:00.0000000	3096.30000000	3096.30000000	3015.90000000	3071.90000000	1.64140000
2025-12-13T18:00:00.0000000	3044.00000000	3097.20000000	3024.40000000	3024.60000000	2.63410000
2025-12-13T17:30:00.0000000	3087.10000000	3090.00000000	3016.80000000	3018.80000000	1.99530000
2025-12-13T17:00:00.0000000	3057.10000000	3095.10000000	3017.00000000	3088.10000000	2.74190000
2025-12-13T16:30:00.0000000	3042.10000000	3097.00000000	3020.40000000	3084.20000000	2.57130000
2025-12-13T16:00:00.0000000	3057.10000000	3105.40000000	2999.50000000	3020.90000000	8.40870000
2025-12-13T15:30:00.0000000	3056.90000000	3099.40000000	3018.60000000	3057.10000000	1.20530000
2025-12-13T15:00:00.0000000	3025.70000000	3101.40000000	3024.90000000	3056.90000000	7.85290000
2025-12-13T14:30:00.0000000	3068.00000000	3094.20000000	3015.70000000	3075.00000000	2.66680000
2025-12-13T14:00:00.0000000	3075.00000000	3097.30000000	3014.20000000	3085.00000000	3.75620000
2025-12-13T13:30:00.0000000	3083.80000000	3095.20000000	3017.30000000	3095.20000000	3.58430000
2025-12-13T13:00:00.0000000	3028.50000000	3101.90000000	3008.00000000	3090.00000000	5.85060000
2025-12-13T12:30:00.0000000	3037.40000000	3104.90000000	3008.90000000	3100.80000000	13.00350000
2025-12-13T12:00:00.0000000	3034.90000000	3110.70000000	3019.40000000	3105.70000000	9.50190000
2025-12-13T11:30:00.0000000	3102.90000000	3112.20000000	3025.80000000	3035.10000000	1.93900000
2025-12-13T11:00:00.0000000	3058.60000000	3116.30000000	3032.60000000	3100.00000000	6.19080000
2025-12-13T10:30:00.0000000	3080.00000000	3120.20000000	3009.00000000	3080.00000000	7.34760000
2025-12-13T10:00:00.0000000	3076.00000000	3118.00000000	3022.70000000	3036.20000000	3.19530000
2025-12-13T09:30:00.0000000	3048.40000000	3109.20000000	3009.00000000	3050.30000000	7.69790000
2025-12-13T09:00:00.0000000	3081.90000000	3110.00000000	3018.40000000	3029.00000000	6.61590000
2025-12-13T08:30:00.0000000	3034.60000000	3111.50000000	3022.80000000	3081.90000000	5.47020000
2025-12-13T08:00:00.0000000	3040.10000000	3120.70000000	3004.60000000	3034.60000000	6.26880000
2025-12-13T07:30:00.0000000	3020.50000000	3078.60000000	2990.70000000	2997.30000000	2.72970000
2025-12-13T07:00:00.0000000	2991.00000000	3079.20000000	2968.60000000	2968.60000000	11.27300000
2025-12-13T06:30:00.0000000	3065.80000000	3080.60000000	2985.10000000	3079.30000000	1.39380000
2025-12-13T06:00:00.0000000	3076.90000000	3076.90000000	2984.20000000	3072.30000000	1.13260000
2025-12-13T05:30:00.0000000	2994.20000000	3077.20000000	2971.20000000	2989.00000000	5.07270000
2025-12-13T05:00:00.0000000	3021.40000000	3079.10000000	2989.30000000	2994.00000000	2.56420000
2025-12-13T04:30:00.0000000	3043.50000000	3078.30000000	2981.70000000	3007.40000000	2.80140000
2025-12-13T04:00:00.0000000	3036.00000000	3081.20000000	2999.80000000	3043.50000000	0.82940000
2025-12-13T03:30:00.0000000	3004.00000000	3082.70000000	2999.80000000	2999.80000000	0.34760000
2025-12-13T03:00:00.0000000	3038.40000000	3081.90000000	2997.50000000	3001.70000000	1.38220000
2025-12-13T02:30:00.0000000	3002.30000000	3080.30000000	2998.20000000	3035.20000000	1.74210000
2025-12-13T02:00:00.0000000	3078.90000000	3080.00000000	2981.50000000	3058.50000000	10.27230000
2025-12-13T01:30:00.0000000	3003.30000000	3084.10000000	2968.60000000	3001.80000000	20.38960000
2025-12-13T01:00:00.0000000	3082.60000000	3084.90000000	2997.20000000	3083.50000000	1.78010000
2025-12-13T00:30:00.0000000	3003.20000000	3081.80000000	2989.60000000	3080.80000000	6.55360000
2025-12-13T00:00:00.0000000	3053.80000000	3089.70000000	2968.70000000	3005.10000000	9.63810000
2025-12-12T23:30:00.0000000	2999.30000000	3081.80000000	2993.90000000	3054.30000000	0.56540000
2025-12-12T23:00:00.0000000	3047.00000000	3088.70000000	3001.00000000	3085.50000000	1.55700000
2025-12-12T22:30:00.0000000	3003.00000000	3089.80000000	3000.50000000	3002.50000000	1.18040000
2025-12-12T22:00:00.0000000	2998.90000000	3089.10000000	2995.30000000	3089.00000000	1.44640000
2025-12-12T21:30:00.0000000	3000.80000000	3086.00000000	2997.60000000	3053.90000000	0.73400000
2025-12-12T21:00:00.0000000	2992.60000000	3080.80000000	2992.10000000	3080.00000000	2.16530000
2025-12-12T20:30:00.0000000	3073.00000000	3079.20000000	2979.00000000	2979.00000000	0.92730000
2025-12-12T20:00:00.0000000	3060.00000000	3073.20000000	2948.60000000	3069.70000000	8.59030000
2025-12-12T19:30:00.0000000	3082.20000000	3085.60000000	2953.40000000	3068.10000000	417.39930000
2025-12-12T19:00:00.0000000	3086.10000000	3088.00000000	3074.60000000	3080.70000000	5.94480000
2025-12-12T18:30:00.0000000	3091.60000000	3105.70000000	3089.20000000	3089.20000000	4.04680000
2025-12-12T18:00:00.0000000	3073.70000000	3100.60000000	3071.10000000	3094.40000000	3.17690000
2025-12-12T17:30:00.0000000	3071.40000000	3167.00000000	3068.40000000	3073.20000000	60.01280000
2025-12-12T17:00:00.0000000	3073.90000000	3104.00000000	3071.60000000	3074.60000000	9.44110000
2025-12-12T16:30:00.0000000	3085.20000000	3086.10000000	3054.60000000	3073.60000000	21.48290000
2025-12-12T16:00:00.0000000	3074.60000000	3096.80000000	3054.40000000	3084.70000000	33.19010000
2025-12-12T15:30:00.0000000	3165.40000000	3174.00000000	3067.70000000	3084.40000000	66.65830000
2025-12-12T15:00:00.0000000	3237.00000000	3239.30000000	3165.00000000	3165.40000000	34.22060000
2025-12-12T14:30:00.0000000	3232.80000000	3256.50000000	3228.00000000	3243.30000000	20.13470000
2025-12-12T14:00:00.0000000	3252.60000000	3252.60000000	3234.10000000	3234.10000000	3.76330000
2025-12-12T13:30:00.0000000	3250.10000000	3254.40000000	3249.00000000	3252.60000000	2.55960000
2025-12-12T13:00:00.0000000	3254.80000000	3259.50000000	3247.50000000	3247.70000000	6.41440000
2025-12-12T12:30:00.0000000	3245.00000000	3256.00000000	3244.00000000	3254.20000000	4.26440000
2025-12-12T12:00:00.0000000	3248.10000000	3250.10000000	3245.00000000	3245.00000000	0.39400000
2025-12-12T11:30:00.0000000	3240.50000000	3249.80000000	3240.50000000	3246.50000000	9.17710000
2025-12-12T11:00:00.0000000	3251.70000000	3254.90000000	3234.20000000	3240.50000000	28.89180000
2025-12-12T10:30:00.0000000	3254.80000000	3255.50000000	3251.00000000	3253.00000000	5.31420000
2025-12-12T10:00:00.0000000	3258.50000000	3260.80000000	3252.40000000	3255.50000000	8.45430000
2025-12-12T09:30:00.0000000	3250.00000000	3259.80000000	3247.30000000	3259.80000000	4.68470000
2025-12-12T09:00:00.0000000	3252.30000000	3256.00000000	3249.20000000	3250.50000000	5.03830000
2025-12-12T08:30:00.0000000	3244.70000000	3252.60000000	3240.70000000	3250.20000000	10.93410000
2025-12-12T08:00:00.0000000	3254.00000000	3256.40000000	3243.30000000	3244.70000000	6.68200000
2025-12-12T07:30:00.0000000	3267.00000000	3267.10000000	3255.80000000	3256.90000000	3.46570000
2025-12-12T07:00:00.0000000	3263.30000000	3266.10000000	3260.20000000	3266.10000000	1.22240000
2025-12-12T06:30:00.0000000	3267.90000000	3267.90000000	3260.30000000	3263.30000000	0.70630000
2025-12-12T06:00:00.0000000	3258.50000000	3272.00000000	3256.80000000	3268.50000000	6.20740000
2025-12-12T05:30:00.0000000	3247.30000000	3255.70000000	3244.80000000	3254.00000000	8.15080000
2025-12-12T05:00:00.0000000	3257.10000000	3261.20000000	3242.40000000	3242.70000000	2.03700000
2025-12-12T04:30:00.0000000	3258.30000000	3259.40000000	3256.20000000	3256.20000000	0.66930000
2025-12-12T04:00:00.0000000	3250.00000000	3250.00000000	3250.00000000	3250.00000000	0.00000000
2025-12-12T03:30:00.0000000	3248.30000000	3250.00000000	3248.30000000	3250.00000000	0.59250000
2025-12-12T03:00:00.0000000	3264.90000000	3269.40000000	3245.80000000	3249.60000000	4.31250000
2025-12-12T02:30:00.0000000	3255.20000000	3270.90000000	3252.40000000	3266.80000000	2.70110000
2025-12-12T02:00:00.0000000	3238.60000000	3260.00000000	3235.50000000	3256.20000000	6.66360000
2025-12-12T01:30:00.0000000	3237.10000000	3252.50000000	3236.50000000	3242.40000000	3.90790000
2025-12-12T01:00:00.0000000	3200.00000000	3239.50000000	3200.00000000	3235.90000000	2.89950000
2025-12-12T00:30:00.0000000	3242.20000000	3243.00000000	3202.20000000	3202.20000000	9.92400000
2025-12-12T00:00:00.0000000	3245.00000000	3251.40000000	3232.50000000	3243.00000000	33.19920000
2025-12-11T23:30:00.0000000	3239.80000000	3252.30000000	3239.60000000	3246.70000000	3.51080000
2025-12-11T23:00:00.0000000	3248.90000000	3255.50000000	3236.80000000	3241.00000000	8.01680000
2025-12-11T22:30:00.0000000	3243.00000000	3256.20000000	3239.20000000	3250.60000000	14.26410000
2025-12-11T22:00:00.0000000	3259.70000000	3272.00000000	3244.40000000	3245.80000000	16.23310000
2025-12-11T21:30:00.0000000	3260.10000000	3279.70000000	3256.80000000	3258.90000000	31.45710000
2025-12-11T21:00:00.0000000	3229.10000000	3272.80000000	3224.20000000	3262.00000000	10.25880000
2025-12-11T20:30:00.0000000	3209.30000000	3232.00000000	3209.30000000	3229.10000000	7.51090000
2025-12-11T20:00:00.0000000	3210.70000000	3228.90000000	3206.00000000	3210.70000000	3.18560000
2025-12-11T19:30:00.0000000	3218.80000000	3232.00000000	3203.20000000	3203.20000000	4.46400000
2025-12-11T19:00:00.0000000	3211.30000000	3221.80000000	3201.00000000	3217.20000000	2.99910000
2025-12-11T18:30:00.0000000	3207.00000000	3241.10000000	3204.10000000	3207.70000000	3.73940000
2025-12-11T18:00:00.0000000	3186.40000000	3207.20000000	3186.40000000	3207.00000000	4.60990000
2025-12-11T17:30:00.0000000	3200.40000000	3210.70000000	3188.00000000	3189.80000000	2.38920000
2025-12-11T17:00:00.0000000	3182.60000000	3203.90000000	3179.80000000	3201.00000000	10.78020000
2025-12-11T16:30:00.0000000	3176.70000000	3197.90000000	3168.00000000	3178.40000000	4.44520000
2025-12-11T16:00:00.0000000	3189.70000000	3189.70000000	3168.00000000	3172.70000000	3.78830000
2025-12-11T15:30:00.0000000	3197.00000000	3197.00000000	3175.10000000	3190.90000000	6.03450000
2025-12-11T15:00:00.0000000	3168.10000000	3217.90000000	3168.00000000	3203.30000000	5.69890000
2025-12-11T14:30:00.0000000	3194.10000000	3203.40000000	3156.20000000	3170.50000000	14.38840000
2025-12-11T14:00:00.0000000	3199.50000000	3202.20000000	3193.80000000	3194.00000000	1.08250000
2025-12-11T13:30:00.0000000	3207.50000000	3209.20000000	3197.20000000	3199.50000000	5.34200000
2025-12-11T13:00:00.0000000	3208.60000000	3211.60000000	3204.10000000	3207.30000000	2.29890000
2025-12-11T12:30:00.0000000	3204.50000000	3214.40000000	3204.50000000	3210.40000000	9.92170000
2025-12-11T12:00:00.0000000	3199.40000000	3209.90000000	3194.60000000	3205.90000000	1.93970000
2025-12-11T11:30:00.0000000	3202.50000000	3206.00000000	3200.40000000	3200.40000000	1.55420000
2025-12-11T11:00:00.0000000	3204.10000000	3209.10000000	3201.80000000	3202.60000000	1.68810000
2025-12-11T10:30:00.0000000	3200.20000000	3204.90000000	3196.40000000	3204.90000000	1.58750000
2025-12-11T10:00:00.0000000	3208.10000000	3208.40000000	3196.30000000	3201.50000000	1.42940000
2025-12-11T09:30:00.0000000	3217.70000000	3217.80000000	3206.80000000	3207.70000000	2.59720000
2025-12-11T09:00:00.0000000	3202.60000000	3217.70000000	3201.30000000	3214.20000000	2.56710000
2025-12-11T08:30:00.0000000	3198.80000000	3205.50000000	3187.50000000	3201.30000000	11.43440000
2025-12-11T08:00:00.0000000	3204.10000000	3204.90000000	3191.10000000	3199.40000000	3.67540000
2025-12-11T07:30:00.0000000	3207.50000000	3212.30000000	3207.50000000	3209.80000000	6.09940000
2025-12-11T07:00:00.0000000	3214.10000000	3214.10000000	3207.80000000	3208.00000000	1.81860000
2025-12-11T06:30:00.0000000	3208.20000000	3222.20000000	3208.20000000	3211.10000000	4.35700000
2025-12-11T06:00:00.0000000	3220.40000000	3221.90000000	3202.40000000	3205.60000000	3.96930000
2025-12-11T05:30:00.0000000	3213.60000000	3223.70000000	3210.40000000	3223.00000000	2.19630000
2025-12-11T05:00:00.0000000	3218.10000000	3220.00000000	3201.20000000	3213.40000000	3.63370000
2025-12-11T04:30:00.0000000	3197.50000000	3228.70000000	3196.00000000	3222.60000000	7.67370000
2025-12-11T04:00:00.0000000	3191.90000000	3206.70000000	3187.00000000	3198.70000000	4.97040000
2025-12-11T03:30:00.0000000	3183.20000000	3199.90000000	3181.70000000	3198.90000000	2.38540000
2025-12-11T03:00:00.0000000	3215.20000000	3215.90000000	3174.20000000	3182.70000000	15.34250000
2025-12-11T02:30:00.0000000	3223.20000000	3233.30000000	3215.00000000	3218.60000000	7.20390000
2025-12-11T02:00:00.0000000	3259.40000000	3260.00000000	3220.30000000	3227.10000000	9.72220000
2025-12-11T01:30:00.0000000	3279.70000000	3285.50000000	3260.00000000	3261.20000000	4.49960000
2025-12-11T01:00:00.0000000	3281.90000000	3284.10000000	3251.00000000	3269.90000000	5.71480000
2025-12-11T00:30:00.0000000	3319.00000000	3319.10000000	3266.10000000	3282.60000000	9.20970000
2025-12-11T00:00:00.0000000	3334.10000000	3334.10000000	3318.30000000	3318.80000000	4.10630000
2025-12-10T23:30:00.0000000	3344.20000000	3344.20000000	3333.30000000	3333.90000000	2.86120000
2025-12-10T23:00:00.0000000	3355.70000000	3361.60000000	3344.60000000	3344.60000000	3.53740000
2025-12-10T22:30:00.0000000	3343.00000000	3360.50000000	3338.40000000	3360.30000000	3.79690000
2025-12-10T22:00:00.0000000	3349.00000000	3360.60000000	3329.40000000	3341.90000000	2.14330000
2025-12-10T21:30:00.0000000	3361.50000000	3373.90000000	3349.70000000	3352.40000000	2.34510000
2025-12-10T21:00:00.0000000	3359.60000000	3375.90000000	3339.00000000	3365.30000000	7.55410000
2025-12-10T20:30:00.0000000	3415.60000000	3415.70000000	3354.50000000	3359.50000000	6.27140000
2025-12-10T20:00:00.0000000	3395.10000000	3453.10000000	3378.60000000	3419.20000000	15.99000000
2025-12-10T19:30:00.0000000	3386.90000000	3408.50000000	3371.20000000	3395.30000000	3.90370000
2025-12-10T19:00:00.0000000	3396.80000000	3457.90000000	3369.30000000	3380.30000000	24.38630000
2025-12-10T18:30:00.0000000	3379.90000000	3511.00000000	3371.40000000	3388.80000000	40.33740000
2025-12-10T18:00:00.0000000	3372.40000000	3378.50000000	3366.20000000	3376.40000000	2.17770000
2025-12-10T17:30:00.0000000	3374.70000000	3381.30000000	3365.70000000	3376.20000000	9.85380000
2025-12-10T17:00:00.0000000	3355.40000000	3390.10000000	3352.00000000	3377.40000000	15.97150000
2025-12-10T16:30:00.0000000	3362.50000000	3376.00000000	3351.40000000	3358.50000000	5.49350000
2025-12-10T16:00:00.0000000	3331.90000000	3364.30000000	3327.20000000	3364.30000000	7.33890000
2025-12-10T15:30:00.0000000	3333.10000000	3367.00000000	3319.50000000	3337.30000000	19.53880000
2025-12-10T15:00:00.0000000	3325.60000000	3343.90000000	3325.10000000	3329.40000000	5.97920000
2025-12-10T14:30:00.0000000	3330.00000000	3337.90000000	3311.90000000	3328.20000000	4.37300000
2025-12-10T14:00:00.0000000	3339.40000000	3339.50000000	3329.40000000	3335.80000000	1.91260000
2025-12-10T13:30:00.0000000	3339.50000000	3342.10000000	3331.90000000	3342.10000000	2.73160000
2025-12-10T13:00:00.0000000	3328.20000000	3345.70000000	3325.80000000	3341.70000000	2.48190000
2025-12-10T12:30:00.0000000	3320.00000000	3330.70000000	3318.50000000	3328.30000000	1.86360000
2025-12-10T12:00:00.0000000	3320.80000000	3322.90000000	3316.80000000	3320.10000000	0.66010000
2025-12-10T11:30:00.0000000	3322.40000000	3323.80000000	3302.90000000	3313.60000000	2.95300000
2025-12-10T11:00:00.0000000	3316.80000000	3326.00000000	3316.20000000	3322.90000000	6.47900000
2025-12-10T10:30:00.0000000	3329.30000000	3336.30000000	3320.00000000	3321.20000000	5.07920000
2025-12-10T10:00:00.0000000	3352.80000000	3381.40000000	3328.60000000	3328.60000000	5.31760000
2025-12-10T09:30:00.0000000	3324.10000000	3353.70000000	3323.90000000	3353.70000000	4.77480000
2025-12-10T09:00:00.0000000	3327.00000000	3328.40000000	3319.80000000	3322.10000000	3.41010000
2025-12-10T08:30:00.0000000	3334.30000000	3335.60000000	3328.70000000	3331.00000000	3.53070000
2025-12-10T08:00:00.0000000	3329.10000000	3337.10000000	3328.60000000	3335.30000000	3.75600000
2025-12-10T07:30:00.0000000	3322.20000000	3334.70000000	3322.20000000	3334.70000000	4.38990000
2025-12-10T07:00:00.0000000	3330.10000000	3332.70000000	3319.10000000	3322.70000000	2.54130000
2025-12-10T06:30:00.0000000	3327.50000000	3333.10000000	3325.60000000	3332.70000000	1.22340000
2025-12-10T06:00:00.0000000	3328.50000000	3329.40000000	3323.70000000	3328.00000000	3.72810000
2025-12-10T05:30:00.0000000	3323.70000000	3329.80000000	3320.60000000	3329.80000000	1.87580000
2025-12-10T05:00:00.0000000	3327.10000000	3339.70000000	3323.80000000	3323.80000000	11.76500000
2025-12-10T04:30:00.0000000	3314.30000000	3331.80000000	3314.30000000	3328.90000000	16.46240000
2025-12-10T04:00:00.0000000	3311.30000000	3318.80000000	3311.30000000	3316.10000000	0.43530000
2025-12-10T03:30:00.0000000	3314.10000000	3318.50000000	3311.60000000	3314.90000000	16.08120000
2025-12-10T03:00:00.0000000	3318.00000000	3320.10000000	3311.20000000	3314.00000000	4.77020000
2025-12-10T02:30:00.0000000	3314.30000000	3317.60000000	3304.30000000	3316.10000000	8.48020000
2025-12-10T02:00:00.0000000	3307.60000000	3314.40000000	3297.80000000	3312.70000000	6.79090000
2025-12-10T01:30:00.0000000	3304.00000000	3310.90000000	3294.00000000	3309.00000000	9.26650000
2025-12-10T01:00:00.0000000	3311.60000000	3318.40000000	3306.60000000	3308.20000000	2.44290000
2025-12-10T00:30:00.0000000	3324.90000000	3325.70000000	3312.80000000	3312.80000000	1.44440000
2025-12-10T00:00:00.0000000	3320.10000000	3330.10000000	3312.90000000	3323.10000000	4.54830000
2025-12-09T23:30:00.0000000	3331.40000000	3341.40000000	3326.50000000	3327.40000000	9.50130000
2025-12-09T23:00:00.0000000	3334.40000000	3335.40000000	3323.30000000	3332.70000000	1.81070000
2025-12-09T22:30:00.0000000	3318.40000000	3354.80000000	3318.30000000	3339.00000000	10.89880000
2025-12-09T22:00:00.0000000	3309.30000000	3336.40000000	3303.40000000	3320.70000000	12.13230000
2025-12-09T21:30:00.0000000	3336.50000000	3338.70000000	3290.50000000	3305.80000000	6.69330000
2025-12-09T21:00:00.0000000	3333.40000000	3338.00000000	3318.10000000	3337.80000000	8.02080000
2025-12-09T20:30:00.0000000	3327.60000000	3343.90000000	3316.60000000	3330.00000000	9.10190000
2025-12-09T20:00:00.0000000	3358.40000000	3363.10000000	3311.10000000	3326.20000000	10.07980000
2025-12-09T19:30:00.0000000	3375.20000000	3381.30000000	3353.60000000	3363.70000000	9.13600000
2025-12-09T19:00:00.0000000	3378.30000000	3379.10000000	3366.60000000	3375.30000000	12.42840000
2025-12-09T18:30:00.0000000	3389.00000000	3389.80000000	3366.80000000	3377.60000000	19.32770000
2025-12-09T18:00:00.0000000	3381.60000000	3391.50000000	3373.50000000	3391.50000000	7.62030000
2025-12-09T17:30:00.0000000	3380.10000000	3385.40000000	3365.90000000	3379.20000000	7.80500000
2025-12-09T17:00:00.0000000	3367.40000000	3400.90000000	3362.40000000	3371.60000000	13.28250000
2025-12-09T16:30:00.0000000	3299.60000000	3385.00000000	3298.00000000	3369.00000000	11.45060000
2025-12-09T16:00:00.0000000	3251.20000000	3306.60000000	3251.20000000	3292.80000000	22.48320000
2025-12-09T15:30:00.0000000	3156.20000000	3258.50000000	3150.30000000	3254.80000000	44.87220000
2025-12-09T15:00:00.0000000	3120.10000000	3172.70000000	3120.00000000	3162.80000000	31.36810000
2025-12-09T14:30:00.0000000	3114.70000000	3125.00000000	3106.00000000	3120.90000000	23.51300000
2025-12-09T14:00:00.0000000	3120.60000000	3132.10000000	3106.90000000	3114.70000000	10.13670000
2025-12-09T13:30:00.0000000	3142.50000000	3142.50000000	3115.70000000	3120.30000000	2.82040000
2025-12-09T13:00:00.0000000	3143.80000000	3143.80000000	3133.90000000	3138.90000000	2.59040000
2025-12-09T12:30:00.0000000	3135.60000000	3146.20000000	3132.90000000	3141.70000000	21.78900000
2025-12-09T12:00:00.0000000	3120.50000000	3142.60000000	3120.50000000	3139.50000000	1.91600000
2025-12-09T11:30:00.0000000	3110.10000000	3125.50000000	3109.20000000	3122.70000000	1.60160000
2025-12-09T11:00:00.0000000	3110.10000000	3112.60000000	3105.90000000	3111.10000000	1.66430000
2025-12-09T10:30:00.0000000	3114.10000000	3117.80000000	3097.90000000	3112.60000000	6.17970000
2025-12-09T10:00:00.0000000	3109.90000000	3115.00000000	3104.90000000	3114.00000000	7.05230000
2025-12-09T09:30:00.0000000	3122.40000000	3122.40000000	3109.10000000	3111.20000000	7.41920000
2025-12-09T09:00:00.0000000	3121.10000000	3125.50000000	3120.80000000	3120.80000000	1.54090000
2025-12-09T08:30:00.0000000	3120.10000000	3129.70000000	3120.10000000	3125.80000000	4.50410000
2025-12-09T08:00:00.0000000	3126.60000000	3132.20000000	3122.80000000	3127.70000000	3.79870000
2025-12-09T07:30:00.0000000	3126.30000000	3132.60000000	3126.30000000	3128.50000000	3.02090000
2025-12-09T07:00:00.0000000	3120.40000000	3129.40000000	3117.50000000	3127.70000000	3.81380000
2025-12-09T06:30:00.0000000	3109.30000000	3119.20000000	3102.90000000	3119.20000000	5.31260000
2025-12-09T06:00:00.0000000	3111.70000000	3121.60000000	3105.70000000	3106.50000000	5.97170000
2025-12-09T05:30:00.0000000	3126.00000000	3126.00000000	3107.20000000	3108.40000000	1.02610000
2025-12-09T05:00:00.0000000	3128.50000000	3128.50000000	3128.50000000	3128.50000000	0.00000000
2025-12-09T04:30:00.0000000	3128.50000000	3128.50000000	3128.50000000	3128.50000000	0.00000000
2025-12-09T04:00:00.0000000	3131.80000000	3135.50000000	3128.50000000	3128.50000000	3.44190000
2025-12-09T03:30:00.0000000	3107.10000000	3133.70000000	3105.10000000	3133.70000000	5.37220000
2025-12-09T03:00:00.0000000	3105.00000000	3108.10000000	3095.30000000	3103.10000000	3.54550000
2025-12-09T02:30:00.0000000	3112.50000000	3114.50000000	3105.50000000	3105.50000000	0.56750000
2025-12-09T02:00:00.0000000	3110.80000000	3118.60000000	3108.00000000	3114.10000000	7.29210000
2025-12-09T01:30:00.0000000	3112.80000000	3117.80000000	3105.00000000	3110.50000000	3.98820000
2025-12-09T01:00:00.0000000	3122.00000000	3127.80000000	3114.70000000	3114.70000000	4.66900000
2025-12-09T00:30:00.0000000	3133.30000000	3133.30000000	3122.00000000	3123.90000000	2.12690000
2025-12-09T00:00:00.0000000	3125.90000000	3144.80000000	3125.90000000	3141.50000000	2.36780000
2025-12-08T23:30:00.0000000	3128.80000000	3133.80000000	3128.10000000	3130.10000000	1.88800000
2025-12-08T23:00:00.0000000	3135.00000000	3139.00000000	3122.00000000	3129.50000000	13.63210000
2025-12-08T22:30:00.0000000	3132.60000000	3138.50000000	3126.20000000	3135.10000000	28.65160000
2025-12-08T22:00:00.0000000	3150.70000000	3150.70000000	3133.20000000	3133.20000000	31.22960000
2025-12-08T21:30:00.0000000	3143.10000000	3155.10000000	3138.20000000	3153.40000000	24.93670000
2025-12-08T21:00:00.0000000	3140.80000000	3143.90000000	3132.50000000	3143.10000000	18.32470000
2025-12-08T20:30:00.0000000	3129.70000000	3153.40000000	3126.50000000	3139.50000000	35.88470000
2025-12-08T20:00:00.0000000	3124.80000000	3137.20000000	3123.40000000	3134.00000000	5.36150000
2025-12-08T19:30:00.0000000	3116.60000000	3131.90000000	3116.60000000	3124.70000000	16.12180000
2025-12-08T19:00:00.0000000	3094.50000000	3132.20000000	3093.80000000	3119.00000000	14.41560000
2025-12-08T18:30:00.0000000	3116.80000000	3128.70000000	3087.20000000	3094.60000000	13.73460000
2025-12-08T18:00:00.0000000	3123.20000000	3136.50000000	3116.90000000	3116.90000000	17.21520000
2025-12-08T17:30:00.0000000	3110.10000000	3129.90000000	3103.10000000	3123.20000000	13.20190000
2025-12-08T17:00:00.0000000	3109.10000000	3125.80000000	3103.40000000	3110.90000000	14.42940000
2025-12-08T16:30:00.0000000	3121.70000000	3134.90000000	3105.10000000	3110.50000000	20.22690000
2025-12-08T16:00:00.0000000	3102.10000000	3125.80000000	3098.10000000	3125.80000000	6.66750000
2025-12-08T15:30:00.0000000	3112.00000000	3126.80000000	3094.90000000	3106.50000000	52.28440000
2025-12-08T15:00:00.0000000	3135.30000000	3142.00000000	3103.40000000	3115.20000000	17.51020000
2025-12-08T14:30:00.0000000	3152.00000000	3182.60000000	3132.70000000	3139.60000000	16.95540000
2025-12-08T14:00:00.0000000	3149.20000000	3158.20000000	3142.10000000	3148.00000000	18.76120000
2025-12-08T13:30:00.0000000	3148.50000000	3161.30000000	3140.80000000	3150.00000000	13.96270000
2025-12-08T13:00:00.0000000	3133.80000000	3157.00000000	3133.80000000	3148.20000000	17.82860000
2025-12-08T12:30:00.0000000	3144.80000000	3145.10000000	3130.50000000	3134.80000000	12.75150000
2025-12-08T12:00:00.0000000	3146.10000000	3146.10000000	3139.30000000	3143.60000000	1.61900000
2025-12-08T11:30:00.0000000	3161.30000000	3161.30000000	3142.60000000	3144.60000000	11.60300000
2025-12-08T11:00:00.0000000	3163.20000000	3168.60000000	3158.90000000	3163.10000000	8.52890000
2025-12-08T10:30:00.0000000	3157.90000000	3167.30000000	3157.90000000	3163.90000000	33.71560000
2025-12-08T10:00:00.0000000	3162.50000000	3284.50000000	3040.20000000	3160.40000000	147.55050000
2025-12-08T09:30:00.0000000	3160.90000000	3167.90000000	3160.00000000	3162.20000000	5.71400000
2025-12-08T09:00:00.0000000	3145.00000000	3183.10000000	3144.00000000	3161.40000000	27.93420000
2025-12-08T08:30:00.0000000	3134.00000000	3147.90000000	3129.40000000	3146.50000000	0.98650000
2025-12-08T08:00:00.0000000	3135.60000000	3136.80000000	3131.40000000	3134.00000000	1.91870000
2025-12-08T07:30:00.0000000	3139.60000000	3141.80000000	3133.00000000	3137.40000000	1.49240000
2025-12-08T07:00:00.0000000	3133.00000000	3140.70000000	3129.20000000	3139.70000000	2.45270000
2025-12-08T06:30:00.0000000	3129.90000000	3143.80000000	3128.80000000	3140.40000000	10.68280000
2025-12-08T06:00:00.0000000	3136.30000000	3141.10000000	3128.70000000	3129.00000000	10.30510000
2025-12-08T05:30:00.0000000	3137.50000000	3143.80000000	3133.00000000	3135.60000000	20.42960000
2025-12-08T05:00:00.0000000	3129.80000000	3140.00000000	3127.50000000	3137.50000000	4.82890000
2025-12-08T04:30:00.0000000	3124.60000000	3137.50000000	3124.20000000	3132.60000000	8.34700000
2025-12-08T04:00:00.0000000	3116.00000000	3126.80000000	3112.60000000	3122.20000000	9.38320000
2025-12-08T03:30:00.0000000	3117.30000000	3123.90000000	3109.40000000	3115.20000000	14.17890000
2025-12-08T03:00:00.0000000	3114.20000000	3122.00000000	3104.70000000	3122.00000000	16.95350000
2025-12-08T02:30:00.0000000	3100.00000000	3117.50000000	3096.10000000	3115.00000000	10.99480000
2025-12-08T02:00:00.0000000	3099.50000000	3109.30000000	3099.00000000	3102.20000000	3.10820000
2025-12-08T01:30:00.0000000	3107.00000000	3138.30000000	3097.90000000	3102.10000000	29.46050000
2025-12-08T01:00:00.0000000	3065.50000000	3112.90000000	3065.50000000	3108.00000000	18.26700000
2025-12-08T00:30:00.0000000	3057.80000000	3079.80000000	3057.80000000	3069.00000000	12.18800000
2025-12-08T00:00:00.0000000	3058.00000000	3062.60000000	3045.00000000	3060.40000000	5.29530000
2025-12-07T23:30:00.0000000	3049.90000000	3069.40000000	3044.00000000	3065.50000000	4.67190000
2025-12-07T23:00:00.0000000	3036.50000000	3063.70000000	3030.00000000	3049.90000000	25.89590000
2025-12-07T22:30:00.0000000	3047.00000000	3061.90000000	3021.50000000	3037.70000000	19.06110000
2025-12-07T22:00:00.0000000	3086.00000000	3086.00000000	3026.40000000	3061.50000000	37.64100000
2025-12-07T21:30:00.0000000	3123.10000000	3133.40000000	3073.60000000	3083.30000000	27.50880000
2025-12-07T21:00:00.0000000	3144.20000000	3144.20000000	3120.70000000	3123.50000000	5.39630000
2025-12-07T20:30:00.0000000	3147.80000000	3159.70000000	3141.40000000	3146.80000000	38.47300000
2025-12-07T20:00:00.0000000	3142.60000000	3148.90000000	3137.30000000	3147.80000000	9.06140000
2025-12-07T19:30:00.0000000	3131.20000000	3145.90000000	3130.90000000	3141.80000000	4.88990000
2025-12-07T19:00:00.0000000	3135.50000000	3137.60000000	3126.90000000	3131.60000000	13.83950000
2025-12-07T18:30:00.0000000	3148.50000000	3152.80000000	3132.70000000	3136.00000000	9.39680000
2025-12-07T18:00:00.0000000	3121.10000000	3153.90000000	3120.40000000	3149.20000000	17.76710000
2025-12-07T17:30:00.0000000	3115.20000000	3131.10000000	3105.30000000	3118.60000000	18.58590000
2025-12-07T17:00:00.0000000	3039.80000000	3107.70000000	3033.20000000	3106.30000000	49.74990000
2025-12-07T16:30:00.0000000	3020.30000000	3032.60000000	3015.70000000	3029.50000000	8.02380000
2025-12-07T16:00:00.0000000	3025.70000000	3025.70000000	3003.20000000	3019.20000000	17.47370000
2025-12-07T15:30:00.0000000	2960.10000000	3037.80000000	2960.10000000	3023.00000000	77.41010000
2025-12-07T15:00:00.0000000	2945.80000000	2976.50000000	2944.70000000	2961.10000000	14.82240000
2025-12-07T14:30:00.0000000	2942.00000000	2961.00000000	2933.80000000	2947.40000000	10.80190000
2025-12-07T14:00:00.0000000	3035.20000000	3060.30000000	2906.90000000	2940.10000000	43.80490000
2025-12-07T13:30:00.0000000	3036.20000000	3040.90000000	3034.20000000	3037.00000000	11.50910000
2025-12-07T13:00:00.0000000	3052.50000000	3057.30000000	3034.70000000	3036.40000000	26.25560000
2025-12-07T12:30:00.0000000	3047.20000000	3055.00000000	3044.90000000	3053.50000000	3.50780000
2025-12-07T12:00:00.0000000	3039.30000000	3047.00000000	3038.80000000	3045.40000000	2.51770000
2025-12-07T11:30:00.0000000	3042.70000000	3045.30000000	3039.90000000	3040.90000000	13.99520000
2025-12-07T11:00:00.0000000	3041.70000000	3045.10000000	3040.30000000	3040.30000000	1.00400000
2025-12-07T10:30:00.0000000	3036.00000000	3048.10000000	3035.60000000	3043.20000000	5.70600000
2025-12-07T10:00:00.0000000	3034.10000000	3041.70000000	3031.20000000	3038.60000000	6.58080000
2025-12-07T09:30:00.0000000	3032.70000000	3037.60000000	3028.20000000	3036.70000000	37.31240000
2025-12-07T09:00:00.0000000	3036.70000000	3042.70000000	3030.40000000	3033.50000000	3.27150000
2025-12-07T08:30:00.0000000	3036.50000000	3046.20000000	3036.50000000	3043.10000000	1.14570000
2025-12-07T08:00:00.0000000	3035.00000000	3039.50000000	3030.50000000	3038.30000000	5.54050000
2025-12-07T07:30:00.0000000	3041.90000000	3042.80000000	3036.40000000	3040.90000000	3.52130000
2025-12-07T07:00:00.0000000	3054.90000000	3055.50000000	3039.90000000	3041.40000000	2.72370000
2025-12-07T06:30:00.0000000	3051.30000000	3056.10000000	3049.20000000	3056.10000000	18.36440000
2025-12-07T06:00:00.0000000	3049.00000000	3055.00000000	3048.70000000	3051.00000000	2.56090000
2025-12-07T05:30:00.0000000	3049.40000000	3054.00000000	3049.40000000	3050.60000000	2.40920000
2025-12-07T05:00:00.0000000	3052.10000000	3052.30000000	3047.50000000	3050.30000000	3.04010000
2025-12-07T04:30:00.0000000	3053.50000000	3053.90000000	3048.40000000	3051.60000000	12.45170000
2025-12-07T04:00:00.0000000	3058.20000000	3062.20000000	3053.10000000	3054.10000000	27.89360000
2025-12-07T03:30:00.0000000	3056.20000000	3058.70000000	3053.40000000	3058.20000000	1.81720000
2025-12-07T03:00:00.0000000	3057.20000000	3058.20000000	3054.30000000	3057.50000000	6.93530000
2025-12-07T02:30:00.0000000	3049.70000000	3061.90000000	3047.80000000	3060.00000000	4.60850000
2025-12-07T02:00:00.0000000	3046.70000000	3053.10000000	3046.10000000	3050.00000000	2.99280000
2025-12-07T01:30:00.0000000	3050.60000000	3054.40000000	3048.30000000	3048.80000000	5.12010000
2025-12-07T01:00:00.0000000	3047.30000000	3052.40000000	3044.60000000	3046.30000000	12.48530000
2025-12-07T00:30:00.0000000	3047.80000000	3051.70000000	3047.60000000	3050.20000000	13.35830000
2025-12-07T00:00:00.0000000	3040.00000000	3045.00000000	3035.60000000	3045.00000000	1.69730000
2025-12-06T23:30:00.0000000	3035.90000000	3044.20000000	3033.60000000	3043.90000000	1.68860000
2025-12-06T23:00:00.0000000	3047.50000000	3047.50000000	3032.10000000	3035.90000000	8.42380000
2025-12-06T22:30:00.0000000	3050.10000000	3051.70000000	3046.20000000	3046.90000000	1.19350000
2025-12-06T22:00:00.0000000	3047.40000000	3056.00000000	3043.80000000	3053.80000000	4.39190000
2025-12-06T21:30:00.0000000	3047.90000000	3048.10000000	3045.00000000	3046.20000000	1.07550000
2025-12-06T21:00:00.0000000	3041.90000000	3046.70000000	3041.90000000	3044.80000000	2.59510000
2025-12-06T20:30:00.0000000	3041.10000000	3046.10000000	3040.20000000	3044.30000000	16.72230000
2025-12-06T20:00:00.0000000	3037.20000000	3043.70000000	3035.10000000	3041.00000000	1.60640000
2025-12-06T19:30:00.0000000	3039.70000000	3041.00000000	3030.30000000	3036.30000000	5.05810000
2025-12-06T19:00:00.0000000	3045.00000000	3050.70000000	3035.90000000	3040.00000000	5.07350000
2025-12-06T18:30:00.0000000	3053.90000000	3055.90000000	3041.60000000	3045.40000000	6.24580000
2025-12-06T18:00:00.0000000	3058.20000000	3058.20000000	3052.00000000	3055.70000000	2.02290000
2025-12-06T17:30:00.0000000	3062.20000000	3062.20000000	3052.20000000	3059.70000000	2.62070000
2025-12-06T17:00:00.0000000	3053.80000000	3059.90000000	3050.50000000	3057.00000000	4.92700000
2025-12-06T16:30:00.0000000	3056.30000000	3068.00000000	3055.60000000	3056.60000000	31.24590000
2025-12-06T16:00:00.0000000	3044.00000000	3066.60000000	3044.00000000	3055.40000000	37.61260000
2025-12-06T15:30:00.0000000	3040.00000000	3051.30000000	3034.40000000	3043.10000000	3.12820000
2025-12-06T15:00:00.0000000	3058.60000000	3059.00000000	3032.50000000	3039.70000000	19.60660000
2025-12-06T14:30:00.0000000	3050.70000000	3062.90000000	3050.70000000	3058.60000000	12.70170000
2025-12-06T14:00:00.0000000	3039.20000000	3066.70000000	3038.60000000	3051.50000000	16.25880000
2025-12-06T13:30:00.0000000	3039.00000000	3044.70000000	3038.20000000	3041.20000000	3.50070000
2025-12-06T13:00:00.0000000	3035.20000000	3039.60000000	3033.60000000	3039.60000000	7.18630000
2025-12-06T12:30:00.0000000	3041.00000000	3041.80000000	3034.00000000	3035.40000000	2.68110000
2025-12-06T12:00:00.0000000	3041.80000000	3044.00000000	3036.00000000	3036.50000000	17.33610000
2025-12-06T11:30:00.0000000	3040.10000000	3044.70000000	3038.70000000	3044.70000000	9.97010000
2025-12-06T11:00:00.0000000	3032.90000000	3041.60000000	3031.20000000	3041.60000000	3.73290000
2025-12-06T10:30:00.0000000	3032.70000000	3038.20000000	3032.70000000	3035.00000000	7.84190000
2025-12-06T10:00:00.0000000	3032.00000000	3049.20000000	3027.50000000	3035.70000000	25.26140000
2025-12-06T09:30:00.0000000	3031.70000000	3035.60000000	3031.70000000	3035.60000000	2.87230000
2025-12-06T09:00:00.0000000	3017.50000000	3034.40000000	3017.50000000	3033.00000000	3.64700000
2025-12-06T08:30:00.0000000	3018.90000000	3026.00000000	3016.40000000	3019.20000000	20.84670000
2025-12-06T08:00:00.0000000	3029.70000000	3035.80000000	3015.80000000	3018.80000000	14.39690000
2025-12-06T07:30:00.0000000	3032.20000000	3036.80000000	3028.70000000	3029.50000000	8.59870000
2025-12-06T07:00:00.0000000	3043.20000000	3045.50000000	3033.40000000	3033.40000000	3.41120000
2025-12-06T06:30:00.0000000	3041.60000000	3044.90000000	3041.10000000	3042.00000000	1.65160000
2025-12-06T06:00:00.0000000	3038.90000000	3042.70000000	3038.00000000	3040.70000000	2.64330000
2025-12-06T05:30:00.0000000	3040.20000000	3043.20000000	3038.10000000	3041.60000000	3.30180000
2025-12-06T05:00:00.0000000	3039.80000000	3042.00000000	3037.50000000	3038.80000000	8.77700000
2025-12-06T04:30:00.0000000	3036.10000000	3040.00000000	3034.80000000	3038.90000000	1.35280000
2025-12-06T04:00:00.0000000	3041.40000000	3045.00000000	3035.80000000	3037.50000000	6.16040000
2025-12-06T03:30:00.0000000	3038.00000000	3045.20000000	3038.00000000	3041.60000000	2.70290000
2025-12-06T03:00:00.0000000	3031.10000000	3047.60000000	3031.10000000	3038.30000000	5.40220000
2025-12-06T02:30:00.0000000	3024.00000000	3032.90000000	3024.00000000	3032.90000000	2.63770000
2025-12-06T02:00:00.0000000	3028.50000000	3028.50000000	3021.60000000	3024.80000000	2.99050000
2025-12-06T01:30:00.0000000	3027.90000000	3030.80000000	3022.20000000	3029.50000000	1.88530000
2025-12-06T01:00:00.0000000	3030.30000000	3034.80000000	3025.30000000	3028.30000000	3.88380000
2025-12-06T00:30:00.0000000	3020.00000000	3031.70000000	3019.10000000	3029.20000000	1.35180000
2025-12-06T00:00:00.0000000	3024.50000000	3024.50000000	3015.20000000	3019.20000000	1.63900000
2025-12-05T23:30:00.0000000	3024.00000000	3029.40000000	3022.40000000	3027.00000000	1.84110000
2025-12-05T23:00:00.0000000	3028.80000000	3028.80000000	3012.30000000	3026.00000000	5.80550000
2025-12-05T22:30:00.0000000	3030.00000000	3035.50000000	3024.70000000	3029.20000000	3.22600000
2025-12-05T22:00:00.0000000	3020.00000000	3028.80000000	3015.60000000	3028.00000000	3.59530000
2025-12-05T21:30:00.0000000	3034.10000000	3034.70000000	3018.30000000	3021.00000000	1.37230000
2025-12-05T21:00:00.0000000	3024.60000000	3040.10000000	3024.60000000	3032.30000000	1.33880000
2025-12-05T20:30:00.0000000	3042.40000000	3042.40000000	3019.20000000	3026.80000000	4.86340000
2025-12-05T20:00:00.0000000	3040.40000000	3051.00000000	3031.80000000	3043.00000000	14.56470000
2025-12-05T19:30:00.0000000	3029.20000000	3050.70000000	3026.80000000	3041.50000000	4.60340000
2025-12-05T19:00:00.0000000	3006.60000000	3031.10000000	2991.00000000	3026.90000000	12.36340000
2025-12-05T18:30:00.0000000	3033.20000000	3037.70000000	3010.70000000	3010.70000000	4.83640000
2025-12-05T18:00:00.0000000	3033.50000000	3062.60000000	3020.30000000	3030.50000000	8.07550000
2025-12-05T17:30:00.0000000	3019.50000000	3040.50000000	3013.90000000	3034.70000000	13.82100000
2025-12-05T17:00:00.0000000	3033.10000000	3037.80000000	3014.00000000	3017.40000000	18.82750000
2025-12-05T16:30:00.0000000	3063.20000000	3065.10000000	3002.40000000	3041.70000000	63.58280000
2025-12-05T16:00:00.0000000	3108.60000000	3108.60000000	3053.70000000	3069.50000000	32.72090000
2025-12-05T15:30:00.0000000	3142.60000000	3150.10000000	3103.00000000	3105.60000000	8.34730000
2025-12-05T15:00:00.0000000	3106.00000000	3166.90000000	3106.00000000	3135.40000000	18.51320000
2025-12-05T14:30:00.0000000	3107.90000000	3115.20000000	3088.70000000	3106.30000000	8.04550000
2025-12-05T14:00:00.0000000	3101.80000000	3114.20000000	3101.80000000	3104.10000000	5.04740000
2025-12-05T13:30:00.0000000	3124.70000000	3124.70000000	3092.60000000	3108.20000000	16.94770000
2025-12-05T13:00:00.0000000	3129.60000000	3140.10000000	3119.70000000	3126.10000000	7.94500000
2025-12-05T12:30:00.0000000	3127.10000000	3135.20000000	3125.00000000	3133.00000000	3.21510000
2025-12-05T12:00:00.0000000	3133.60000000	3138.30000000	3123.30000000	3127.50000000	9.53310000
2025-12-05T11:30:00.0000000	3132.50000000	3142.80000000	3116.90000000	3134.40000000	6.36510000
2025-12-05T11:00:00.0000000	3138.00000000	3146.80000000	3127.00000000	3133.80000000	5.68010000
2025-12-05T10:30:00.0000000	3144.10000000	3151.80000000	3139.30000000	3139.30000000	6.72110000
2025-12-05T10:00:00.0000000	3122.80000000	3148.10000000	3122.30000000	3142.90000000	18.67410000
2025-12-05T09:30:00.0000000	3126.60000000	3130.50000000	3111.20000000	3125.90000000	22.08210000
2025-12-05T09:00:00.0000000	3157.30000000	3157.30000000	3119.50000000	3126.30000000	27.76130000
2025-12-05T08:30:00.0000000	3161.70000000	3163.30000000	3148.80000000	3161.10000000	5.84220000
2025-12-05T08:00:00.0000000	3175.90000000	3175.90000000	3159.70000000	3165.60000000	3.14940000
2025-12-05T07:30:00.0000000	3185.30000000	3186.10000000	3175.70000000	3177.50000000	6.49330000
2025-12-05T07:00:00.0000000	3171.70000000	3186.90000000	3171.30000000	3185.40000000	2.55630000
2025-12-05T06:30:00.0000000	3171.20000000	3174.30000000	3166.00000000	3174.30000000	3.59870000
2025-12-05T06:00:00.0000000	3166.20000000	3175.50000000	3163.30000000	3170.00000000	3.54900000
2025-12-05T05:30:00.0000000	3159.60000000	3161.20000000	3157.00000000	3157.90000000	3.34670000
2025-12-05T05:00:00.0000000	3168.80000000	3174.50000000	3157.60000000	3159.30000000	3.51640000
2025-12-05T04:30:00.0000000	3171.00000000	3177.10000000	3156.00000000	3173.70000000	4.66830000
2025-12-05T04:00:00.0000000	3179.20000000	3187.70000000	3172.60000000	3172.60000000	6.65930000
2025-12-05T03:30:00.0000000	3176.70000000	3178.00000000	3170.90000000	3175.90000000	2.11220000
2025-12-05T03:00:00.0000000	3188.40000000	3196.00000000	3174.80000000	3176.70000000	2.35070000
2025-12-05T02:30:00.0000000	3180.60000000	3192.40000000	3178.50000000	3186.10000000	9.74310000
2025-12-05T02:00:00.0000000	3164.50000000	3180.30000000	3160.20000000	3177.20000000	4.39620000
2025-12-05T01:30:00.0000000	3166.80000000	3173.10000000	3160.50000000	3167.00000000	1.88290000
2025-12-05T01:00:00.0000000	3148.90000000	3169.10000000	3147.50000000	3169.10000000	1.38890000
2025-12-05T00:30:00.0000000	3147.50000000	3155.00000000	3147.50000000	3151.40000000	1.64510000
2025-12-05T00:00:00.0000000	3138.10000000	3158.60000000	3134.70000000	3149.60000000	16.53690000
2025-12-04T23:30:00.0000000	3142.00000000	3146.50000000	3134.20000000	3137.20000000	5.40280000
2025-12-04T23:00:00.0000000	3147.00000000	3148.70000000	3137.50000000	3142.30000000	7.93350000
2025-12-04T22:30:00.0000000	3145.10000000	3152.40000000	3142.90000000	3148.70000000	5.67880000
2025-12-04T22:00:00.0000000	3126.90000000	3145.30000000	3126.60000000	3143.20000000	9.13130000
2025-12-04T21:30:00.0000000	3134.00000000	3145.30000000	3122.70000000	3127.80000000	7.89520000
2025-12-04T21:00:00.0000000	3142.20000000	3153.60000000	3134.00000000	3134.00000000	7.04350000
2025-12-04T20:30:00.0000000	3120.10000000	3148.20000000	3118.00000000	3146.40000000	19.67030000
2025-12-04T20:00:00.0000000	3123.80000000	3131.30000000	3108.60000000	3119.70000000	16.53710000
2025-12-04T19:30:00.0000000	3093.00000000	3132.80000000	3092.00000000	3124.10000000	9.66850000
2025-12-04T19:00:00.0000000	3144.30000000	3144.30000000	3070.20000000	3097.10000000	22.81300000
2025-12-04T18:30:00.0000000	3162.00000000	3164.60000000	3137.50000000	3142.60000000	2.34410000
2025-12-04T18:00:00.0000000	3162.70000000	3164.60000000	3150.40000000	3161.20000000	2.25770000
2025-12-04T17:30:00.0000000	3162.80000000	3169.30000000	3142.00000000	3165.20000000	10.00350000
2025-12-04T17:00:00.0000000	3170.60000000	3176.90000000	3162.20000000	3165.40000000	5.60620000
2025-12-04T16:30:00.0000000	3211.20000000	3211.20000000	3166.80000000	3174.30000000	17.47100000
2025-12-04T16:00:00.0000000	3212.20000000	3227.40000000	3191.50000000	3217.70000000	8.04000000
2025-12-04T15:30:00.0000000	3177.20000000	3228.50000000	3176.30000000	3212.60000000	13.65760000
2025-12-04T15:00:00.0000000	3151.60000000	3186.40000000	3151.60000000	3172.20000000	27.55100000
2025-12-04T14:30:00.0000000	3188.10000000	3189.20000000	3145.00000000	3151.10000000	20.21280000
2025-12-04T14:00:00.0000000	3173.80000000	3192.10000000	3173.70000000	3189.60000000	8.05800000
2025-12-04T13:30:00.0000000	3187.00000000	3192.90000000	3171.20000000	3175.90000000	8.14990000
2025-12-04T13:00:00.0000000	3181.10000000	3195.10000000	3164.50000000	3188.40000000	13.51390000
2025-12-04T12:30:00.0000000	3180.80000000	3189.00000000	3179.00000000	3179.70000000	20.25220000
2025-12-04T12:00:00.0000000	3187.70000000	3195.80000000	3181.20000000	3181.90000000	6.24040000
2025-12-04T11:30:00.0000000	3192.90000000	3195.90000000	3183.10000000	3188.90000000	6.44130000
2025-12-04T11:00:00.0000000	3189.30000000	3196.80000000	3186.90000000	3193.20000000	10.76320000
2025-12-04T10:30:00.0000000	3200.90000000	3202.70000000	3188.60000000	3192.20000000	11.06230000
2025-12-04T10:00:00.0000000	3203.30000000	3204.30000000	3198.80000000	3201.40000000	6.16970000
2025-12-04T09:30:00.0000000	3199.30000000	3210.90000000	3199.30000000	3204.20000000	5.03000000
2025-12-04T09:00:00.0000000	3185.90000000	3199.30000000	3185.90000000	3196.80000000	2.92830000
2025-12-04T08:30:00.0000000	3181.60000000	3195.60000000	3179.30000000	3186.00000000	2.80740000
2025-12-04T08:00:00.0000000	3192.20000000	3199.30000000	3180.90000000	3183.00000000	4.71240000
2025-12-04T07:30:00.0000000	3201.10000000	3205.00000000	3192.60000000	3194.00000000	3.04560000
2025-12-04T07:00:00.0000000	3208.40000000	3208.40000000	3186.20000000	3199.50000000	6.07120000
2025-12-04T06:30:00.0000000	3213.00000000	3218.80000000	3207.50000000	3207.50000000	4.39090000
2025-12-04T06:00:00.0000000	3186.90000000	3206.40000000	3186.10000000	3206.40000000	2.12980000
2025-12-04T05:30:00.0000000	3194.70000000	3194.70000000	3179.00000000	3188.20000000	4.82480000
2025-12-04T05:00:00.0000000	3195.70000000	3195.70000000	3185.30000000	3191.10000000	1.79710000
2025-12-04T04:30:00.0000000	3209.80000000	3209.80000000	3191.30000000	3195.00000000	3.04590000
2025-12-04T04:00:00.0000000	3213.50000000	3220.40000000	3207.80000000	3210.00000000	2.12160000
2025-12-04T03:30:00.0000000	3216.00000000	3216.20000000	3207.50000000	3212.40000000	2.60570000
2025-12-04T03:00:00.0000000	3222.20000000	3228.70000000	3214.50000000	3218.10000000	2.51040000
2025-12-04T02:30:00.0000000	3214.00000000	3229.40000000	3209.60000000	3226.10000000	3.49010000
2025-12-04T02:00:00.0000000	3205.40000000	3220.90000000	3200.90000000	3215.20000000	2.98790000
2025-12-04T01:30:00.0000000	3210.80000000	3220.30000000	3202.30000000	3205.70000000	4.36910000
2025-12-04T01:00:00.0000000	3198.00000000	3237.60000000	3198.00000000	3209.90000000	6.95180000
2025-12-04T00:30:00.0000000	3185.20000000	3206.10000000	3181.70000000	3204.40000000	6.29540000
2025-12-04T00:00:00.0000000	3195.10000000	3198.10000000	3177.40000000	3186.20000000	5.32390000
2025-12-03T23:30:00.0000000	3184.00000000	3200.60000000	3183.00000000	3195.00000000	3.75310000
2025-12-03T23:00:00.0000000	3189.60000000	3209.90000000	3182.80000000	3186.30000000	6.64980000
2025-12-03T22:30:00.0000000	3166.80000000	3195.40000000	3159.90000000	3190.00000000	10.97400000
2025-12-03T22:00:00.0000000	3166.90000000	3177.60000000	3146.80000000	3160.00000000	7.48470000
2025-12-03T21:30:00.0000000	3150.40000000	3171.20000000	3147.80000000	3171.20000000	6.78970000
2025-12-03T21:00:00.0000000	3140.20000000	3154.60000000	3131.40000000	3150.10000000	4.11510000
2025-12-03T20:30:00.0000000	3126.30000000	3155.90000000	3126.10000000	3132.50000000	11.57890000
2025-12-03T20:00:00.0000000	3128.80000000	3139.50000000	3118.70000000	3127.20000000	3.43820000
2025-12-03T19:30:00.0000000	3123.30000000	3133.20000000	3114.10000000	3129.20000000	3.98870000
2025-12-03T19:00:00.0000000	3114.70000000	3125.10000000	3113.80000000	3123.30000000	5.27080000
2025-12-03T18:30:00.0000000	3133.60000000	3142.90000000	3106.90000000	3115.50000000	4.91220000
2025-12-03T18:00:00.0000000	3129.40000000	3139.60000000	3119.40000000	3129.50000000	3.75800000
2025-12-03T17:30:00.0000000	3107.60000000	3133.40000000	3103.70000000	3128.70000000	4.75420000
2025-12-03T17:00:00.0000000	3090.30000000	3107.90000000	3089.60000000	3098.60000000	5.99130000
2025-12-03T16:30:00.0000000	3084.30000000	3105.40000000	3084.30000000	3089.80000000	9.17710000
2025-12-03T16:00:00.0000000	3088.90000000	3090.00000000	3065.80000000	3084.10000000	9.40370000
2025-12-03T15:30:00.0000000	3074.50000000	3091.80000000	3073.40000000	3087.60000000	7.13330000
2025-12-03T15:00:00.0000000	3086.10000000	3108.30000000	3060.20000000	3076.90000000	8.38720000
2025-12-03T14:30:00.0000000	3073.80000000	3142.90000000	3058.00000000	3082.10000000	37.68650000
2025-12-03T14:00:00.0000000	3090.50000000	3091.10000000	3033.40000000	3068.00000000	9.73500000
2025-12-03T13:30:00.0000000	3085.80000000	3093.50000000	3083.60000000	3090.70000000	3.92170000
2025-12-03T13:00:00.0000000	3079.90000000	3093.50000000	3079.90000000	3091.00000000	55.87360000
2025-12-03T12:30:00.0000000	3072.40000000	3083.10000000	3070.20000000	3082.20000000	5.92640000
2025-12-03T12:00:00.0000000	3074.00000000	3083.80000000	3068.10000000	3073.60000000	14.90160000
2025-12-03T11:30:00.0000000	3070.20000000	3075.40000000	3066.10000000	3073.20000000	6.65980000
2025-12-03T11:00:00.0000000	3058.90000000	3072.70000000	3052.70000000	3072.70000000	5.39980000
2025-12-03T10:30:00.0000000	3067.40000000	3067.90000000	3052.80000000	3055.90000000	12.47860000
2025-12-03T10:00:00.0000000	3060.60000000	3077.90000000	3059.80000000	3070.90000000	8.54780000
2025-12-03T09:30:00.0000000	3050.50000000	3062.70000000	3048.70000000	3060.60000000	2.93490000
2025-12-03T09:00:00.0000000	3051.10000000	3055.70000000	3047.00000000	3051.80000000	3.64090000
2025-12-03T08:30:00.0000000	3051.00000000	3055.00000000	3045.60000000	3049.70000000	5.14490000
2025-12-03T08:00:00.0000000	3059.50000000	3062.30000000	3048.70000000	3049.20000000	9.76210000
2025-12-03T07:30:00.0000000	3059.70000000	3064.20000000	3056.30000000	3057.70000000	6.63610000
2025-12-03T07:00:00.0000000	3066.10000000	3067.10000000	3052.80000000	3060.50000000	3.03220000
2025-12-03T06:30:00.0000000	3081.60000000	3081.60000000	3056.00000000	3065.90000000	5.29950000
2025-12-03T06:00:00.0000000	3061.10000000	3084.90000000	3055.70000000	3081.60000000	10.68320000
2025-12-03T05:30:00.0000000	3055.20000000	3063.50000000	3051.20000000	3059.00000000	3.51280000
2025-12-03T05:00:00.0000000	3056.70000000	3069.10000000	3047.70000000	3055.70000000	5.94500000
2025-12-03T04:30:00.0000000	3045.90000000	3057.40000000	3045.50000000	3054.10000000	8.03060000
2025-12-03T04:00:00.0000000	3033.50000000	3056.60000000	3030.10000000	3046.00000000	13.99530000
2025-12-03T03:30:00.0000000	3034.60000000	3036.90000000	3031.20000000	3031.20000000	3.43920000
2025-12-03T03:00:00.0000000	3028.80000000	3036.30000000	3021.40000000	3033.60000000	5.29000000
2025-12-03T02:30:00.0000000	3037.70000000	3038.90000000	3025.10000000	3028.70000000	2.33900000
2025-12-03T02:00:00.0000000	3015.10000000	3043.40000000	3014.80000000	3041.70000000	5.97670000
2025-12-03T01:30:00.0000000	3009.50000000	3017.90000000	3009.50000000	3017.00000000	1.86690000
2025-12-03T01:00:00.0000000	3003.80000000	3013.80000000	2999.30000000	3011.00000000	1.24410000
2025-12-03T00:30:00.0000000	2989.10000000	3008.60000000	2987.60000000	3002.70000000	4.93190000
2025-12-03T00:00:00.0000000	2995.90000000	3002.40000000	2987.70000000	2990.20000000	1.22290000
2025-12-02T23:30:00.0000000	3007.90000000	3009.60000000	2992.80000000	2996.20000000	5.04470000
2025-12-02T23:00:00.0000000	3017.50000000	3017.50000000	3009.60000000	3009.60000000	1.59040000
2025-12-02T22:30:00.0000000	3009.20000000	3017.40000000	3009.20000000	3015.00000000	3.17070000
2025-12-02T22:00:00.0000000	2997.00000000	3017.60000000	2996.70000000	3009.20000000	2.75220000
2025-12-02T21:30:00.0000000	2986.00000000	2997.30000000	2985.80000000	2995.30000000	1.58220000
2025-12-02T21:00:00.0000000	2979.60000000	2989.20000000	2978.40000000	2986.10000000	2.73390000
2025-12-02T20:30:00.0000000	2983.90000000	2990.00000000	2974.30000000	2980.80000000	6.80610000
2025-12-02T20:00:00.0000000	3015.00000000	3015.00000000	2983.30000000	2983.50000000	1.72180000
2025-12-02T19:30:00.0000000	3018.50000000	3028.00000000	3014.20000000	3015.10000000	3.81630000
2025-12-02T19:00:00.0000000	3013.20000000	3021.40000000	3013.20000000	3018.80000000	1.86170000
2025-12-02T18:30:00.0000000	3019.40000000	3032.40000000	3010.00000000	3013.00000000	6.22040000
2025-12-02T18:00:00.0000000	3014.90000000	3028.00000000	3014.80000000	3019.60000000	7.80780000
2025-12-02T17:30:00.0000000	3026.20000000	3031.20000000	3013.70000000	3016.30000000	5.81650000
2025-12-02T17:00:00.0000000	2997.50000000	3027.40000000	2995.50000000	3027.40000000	5.35980000
2025-12-02T16:30:00.0000000	3001.80000000	3004.00000000	2988.70000000	2994.70000000	11.67040000
2025-12-02T16:00:00.0000000	3008.30000000	3023.70000000	2994.10000000	2998.50000000	9.81040000
2025-12-02T15:30:00.0000000	2964.80000000	3017.30000000	2964.80000000	3006.60000000	47.27510000
2025-12-02T15:00:00.0000000	2895.50000000	2976.30000000	2895.30000000	2960.00000000	27.14970000
2025-12-02T14:30:00.0000000	2856.00000000	2912.90000000	2854.10000000	2893.60000000	38.11550000
2025-12-02T14:00:00.0000000	2842.60000000	2867.20000000	2841.00000000	2858.20000000	12.94130000
2025-12-02T13:30:00.0000000	2837.40000000	2846.90000000	2837.00000000	2844.00000000	3.63790000
2025-12-02T13:00:00.0000000	2826.20000000	2841.50000000	2822.60000000	2836.80000000	21.23550000
2025-12-02T12:30:00.0000000	2823.30000000	2825.80000000	2816.70000000	2825.60000000	10.64290000
2025-12-02T12:00:00.0000000	2826.60000000	2830.60000000	2821.10000000	2823.30000000	9.81770000
2025-12-02T11:30:00.0000000	2827.70000000	2828.20000000	2823.60000000	2824.00000000	22.10240000
2025-12-02T11:00:00.0000000	2827.20000000	2827.80000000	2816.90000000	2827.30000000	7.69290000
2025-12-02T10:30:00.0000000	2807.30000000	2831.20000000	2807.20000000	2823.20000000	9.17780000
2025-12-02T10:00:00.0000000	2797.90000000	2810.00000000	2797.90000000	2806.00000000	9.15910000
2025-12-02T09:30:00.0000000	2805.50000000	2806.20000000	2797.40000000	2798.60000000	4.46780000
2025-12-02T09:00:00.0000000	2799.80000000	2810.10000000	2799.00000000	2807.00000000	4.58860000
2025-12-02T08:30:00.0000000	2786.40000000	2802.50000000	2783.00000000	2797.50000000	4.62880000
2025-12-02T08:00:00.0000000	2806.10000000	2806.10000000	2788.30000000	2789.10000000	9.17500000
2025-12-02T07:30:00.0000000	2804.70000000	2807.70000000	2803.70000000	2806.10000000	1.64300000
2025-12-02T07:00:00.0000000	2813.10000000	2813.10000000	2805.10000000	2805.50000000	9.45150000
2025-12-02T06:30:00.0000000	2803.30000000	2815.40000000	2803.20000000	2812.70000000	4.89280000
2025-12-02T06:00:00.0000000	2803.90000000	2804.50000000	2798.90000000	2800.60000000	5.59270000
2025-12-02T05:30:00.0000000	2801.10000000	2804.50000000	2797.60000000	2802.90000000	3.85620000
2025-12-02T05:00:00.0000000	2805.20000000	2806.80000000	2800.40000000	2801.90000000	11.03290000
2025-12-02T04:30:00.0000000	2806.90000000	2808.40000000	2804.60000000	2805.20000000	4.68110000
2025-12-02T04:00:00.0000000	2805.80000000	2812.40000000	2804.40000000	2807.00000000	7.31110000
2025-12-02T03:30:00.0000000	2789.60000000	2809.40000000	2786.50000000	2803.00000000	2.69130000
2025-12-02T03:00:00.0000000	2801.70000000	2802.70000000	2787.70000000	2790.40000000	6.55540000
2025-12-02T02:30:00.0000000	2805.80000000	2814.20000000	2799.80000000	2801.30000000	9.39970000
2025-12-02T02:00:00.0000000	2796.00000000	2809.00000000	2789.20000000	2808.60000000	9.27350000
2025-12-02T01:30:00.0000000	2804.10000000	2805.40000000	2793.30000000	2795.00000000	8.19370000
2025-12-02T01:00:00.0000000	2795.00000000	2824.00000000	2794.70000000	2802.60000000	11.01530000
2025-12-02T00:30:00.0000000	2790.80000000	2800.40000000	2787.00000000	2794.10000000	4.31740000
2025-12-02T00:00:00.0000000	2798.50000000	2799.80000000	2788.30000000	2790.00000000	3.77350000
2025-12-01T23:30:00.0000000	2812.90000000	2814.90000000	2798.90000000	2800.60000000	9.49660000
2025-12-01T23:00:00.0000000	2803.30000000	2811.40000000	2798.80000000	2811.40000000	4.18200000
2025-12-01T22:30:00.0000000	2801.90000000	2809.10000000	2794.80000000	2800.80000000	1.70240000
2025-12-01T22:00:00.0000000	2791.70000000	2813.00000000	2791.70000000	2800.30000000	4.30180000
2025-12-01T21:30:00.0000000	2785.20000000	2796.80000000	2784.40000000	2791.40000000	8.92040000
2025-12-01T21:00:00.0000000	2757.40000000	2790.70000000	2757.40000000	2784.90000000	53.38680000
2025-12-01T20:30:00.0000000	2749.80000000	2758.40000000	2744.10000000	2758.20000000	7.31990000
2025-12-01T20:00:00.0000000	2741.30000000	2768.80000000	2741.20000000	2751.80000000	11.74850000
2025-12-01T19:30:00.0000000	2737.50000000	2747.70000000	2732.30000000	2742.70000000	2.80430000
2025-12-01T19:00:00.0000000	2753.00000000	2753.00000000	2740.10000000	2741.00000000	5.53990000
2025-12-01T18:30:00.0000000	2751.30000000	2751.70000000	2726.20000000	2748.50000000	8.87980000
2025-12-01T18:00:00.0000000	2740.80000000	2756.50000000	2740.20000000	2750.20000000	9.61830000
2025-12-01T17:30:00.0000000	2744.50000000	2752.60000000	2736.40000000	2740.30000000	6.86300000
2025-12-01T17:00:00.0000000	2731.00000000	2746.60000000	2731.00000000	2746.60000000	5.93400000
2025-12-01T16:30:00.0000000	2735.90000000	2753.10000000	2726.90000000	2729.20000000	13.89490000
2025-12-01T16:00:00.0000000	2745.10000000	2748.10000000	2722.20000000	2735.90000000	8.34840000
2025-12-01T15:30:00.0000000	2770.20000000	2771.30000000	2721.20000000	2745.10000000	22.93990000
2025-12-01T15:00:00.0000000	2817.80000000	2818.70000000	2769.50000000	2771.20000000	29.62560000
2025-12-01T14:30:00.0000000	2819.00000000	2831.60000000	2808.40000000	2820.80000000	38.15290000
2025-12-01T14:00:00.0000000	2812.90000000	2823.80000000	2809.50000000	2821.80000000	28.64420000
2025-12-01T13:30:00.0000000	2824.30000000	2824.30000000	2806.10000000	2812.90000000	32.61810000
2025-12-01T13:00:00.0000000	2819.00000000	2838.30000000	2819.00000000	2823.80000000	13.63410000
2025-12-01T12:30:00.0000000	2821.00000000	2825.50000000	2799.90000000	2818.10000000	31.04690000
2025-12-01T12:00:00.0000000	2839.50000000	2840.00000000	2817.90000000	2820.90000000	18.45410000
2025-12-01T11:30:00.0000000	2844.70000000	2845.40000000	2837.30000000	2839.30000000	10.29860000
2025-12-01T11:00:00.0000000	2843.30000000	2848.10000000	2836.40000000	2845.90000000	14.40610000
2025-12-01T10:30:00.0000000	2838.60000000	2844.80000000	2838.30000000	2843.50000000	7.60140000
2025-12-01T10:00:00.0000000	2841.20000000	2846.40000000	2838.00000000	2838.90000000	9.14470000
2025-12-01T09:30:00.0000000	2838.30000000	2844.40000000	2836.90000000	2839.40000000	8.24510000
2025-12-01T09:00:00.0000000	2837.60000000	2849.00000000	2828.90000000	2838.30000000	18.39020000
2025-12-01T08:30:00.0000000	2837.10000000	2843.40000000	2833.90000000	2839.80000000	14.46970000
2025-12-01T08:00:00.0000000	2839.50000000	2844.30000000	2833.50000000	2838.10000000	5.39500000
2025-12-01T07:30:00.0000000	2830.10000000	2844.30000000	2830.10000000	2841.80000000	5.72900000
2025-12-01T07:00:00.0000000	2826.20000000	2831.40000000	2821.70000000	2831.40000000	8.76970000
2025-12-01T06:30:00.0000000	2827.40000000	2830.90000000	2824.00000000	2826.10000000	8.06560000
2025-12-01T06:00:00.0000000	2829.30000000	2834.60000000	2825.80000000	2825.80000000	3.78350000
2025-12-01T05:30:00.0000000	2823.50000000	2831.30000000	2814.20000000	2827.90000000	5.91510000
2025-12-01T05:00:00.0000000	2822.70000000	2825.40000000	2811.80000000	2821.20000000	9.05060000
2025-12-01T04:30:00.0000000	2809.30000000	2820.20000000	2808.40000000	2820.20000000	8.14360000
2025-12-01T04:00:00.0000000	2824.50000000	2825.70000000	2808.50000000	2810.80000000	19.41830000
2025-12-01T03:30:00.0000000	2824.50000000	2831.50000000	2816.60000000	2827.00000000	3.85040000
2025-12-01T03:00:00.0000000	2837.80000000	2839.30000000	2820.80000000	2824.80000000	27.75300000
2025-12-01T02:30:00.0000000	2856.60000000	2860.50000000	2833.60000000	2838.60000000	6.35660000
2025-12-01T02:00:00.0000000	2850.50000000	2873.30000000	2848.20000000	2855.50000000	11.26100000
2025-12-01T01:30:00.0000000	2845.30000000	2857.00000000	2844.30000000	2850.40000000	6.84870000
2025-12-01T01:00:00.0000000	2841.80000000	2860.40000000	2836.30000000	2847.50000000	10.67790000
2025-12-01T00:30:00.0000000	2893.40000000	2895.70000000	2831.80000000	2837.80000000	21.76020000
2025-12-01T00:00:00.0000000	2989.80000000	2998.40000000	2888.60000000	2893.30000000	35.40020000
2025-11-30T23:30:00.0000000	3008.50000000	3010.30000000	2990.10000000	2991.70000000	13.96860000
2025-11-30T23:00:00.0000000	3033.90000000	3034.90000000	3008.60000000	3008.60000000	9.43470000
2025-11-30T22:30:00.0000000	3028.50000000	3035.20000000	3022.60000000	3032.60000000	11.00910000
2025-11-30T22:00:00.0000000	3023.90000000	3034.70000000	3023.90000000	3029.20000000	9.79720000
2025-11-30T21:30:00.0000000	3021.60000000	3025.70000000	3019.00000000	3021.70000000	15.65170000
2025-11-30T21:00:00.0000000	3029.90000000	3030.60000000	3016.00000000	3021.50000000	32.17320000
2025-11-30T20:30:00.0000000	3031.00000000	3032.50000000	3024.30000000	3029.10000000	10.70480000
2025-11-30T20:00:00.0000000	3036.10000000	3042.50000000	3030.30000000	3031.10000000	11.15640000
2025-11-30T19:30:00.0000000	3032.70000000	3038.10000000	3030.60000000	3034.90000000	8.28480000
2025-11-30T19:00:00.0000000	3035.60000000	3040.50000000	3030.80000000	3033.00000000	6.63740000
2025-11-30T18:30:00.0000000	3034.50000000	3038.40000000	3030.20000000	3036.60000000	3.58500000
2025-11-30T18:00:00.0000000	3041.00000000	3041.60000000	3034.20000000	3036.00000000	7.68250000
2025-11-30T17:30:00.0000000	3036.60000000	3042.90000000	3033.50000000	3041.40000000	5.41260000
2025-11-30T17:00:00.0000000	3044.60000000	3044.60000000	3032.40000000	3035.90000000	4.52560000
2025-11-30T16:30:00.0000000	3046.00000000	3049.70000000	3043.60000000	3045.20000000	4.04650000
2025-11-30T16:00:00.0000000	3028.70000000	3047.00000000	3028.50000000	3046.10000000	14.50780000
2025-11-30T15:30:00.0000000	3035.80000000	3035.80000000	3027.40000000	3029.20000000	7.88780000
2025-11-30T15:00:00.0000000	3038.60000000	3038.60000000	3025.40000000	3034.70000000	10.66420000
2025-11-30T14:30:00.0000000	3038.60000000	3040.40000000	3027.60000000	3036.20000000	10.01670000
2025-11-30T14:00:00.0000000	3050.70000000	3050.70000000	3038.70000000	3040.70000000	11.87680000
2025-11-30T13:30:00.0000000	3044.00000000	3052.00000000	3040.80000000	3047.30000000	6.25500000
2025-11-30T13:00:00.0000000	3026.70000000	3049.50000000	3022.90000000	3046.90000000	6.99210000
2025-11-30T12:30:00.0000000	3009.60000000	3033.20000000	3007.10000000	3025.40000000	4.48350000
2025-11-30T12:00:00.0000000	3002.30000000	3011.40000000	3001.00000000	3009.50000000	10.72890000
2025-11-30T11:30:00.0000000	3005.30000000	3006.90000000	3000.00000000	3002.60000000	11.43650000
2025-11-30T11:00:00.0000000	3008.80000000	3014.90000000	3003.20000000	3004.50000000	6.61490000
2025-11-30T10:30:00.0000000	3009.40000000	3011.00000000	3006.60000000	3007.80000000	9.03080000
2025-11-30T10:00:00.0000000	3009.80000000	3011.00000000	3006.00000000	3010.50000000	13.92410000
2025-11-30T09:30:00.0000000	3007.50000000	3011.00000000	3004.80000000	3011.00000000	13.04470000
2025-11-30T09:00:00.0000000	3007.20000000	3013.50000000	3005.00000000	3006.50000000	5.71560000
2025-11-30T08:30:00.0000000	3009.20000000	3012.80000000	3005.70000000	3006.80000000	43.34810000
2025-11-30T08:00:00.0000000	3005.00000000	3018.30000000	3002.50000000	3009.70000000	2.13050000
2025-11-30T07:30:00.0000000	3004.90000000	3009.60000000	3003.80000000	3006.10000000	5.98730000
2025-11-30T07:00:00.0000000	2997.00000000	3003.00000000	2997.00000000	3003.00000000	1.64690000
2025-11-30T06:30:00.0000000	2997.90000000	3000.40000000	2997.90000000	2998.90000000	3.95340000
2025-11-30T06:00:00.0000000	2992.50000000	2997.90000000	2987.80000000	2997.90000000	2.51760000
2025-11-30T05:30:00.0000000	2989.20000000	2994.80000000	2987.20000000	2993.00000000	4.87040000
2025-11-30T05:00:00.0000000	2998.30000000	2998.30000000	2986.20000000	2989.70000000	3.50530000
2025-11-30T04:30:00.0000000	2998.30000000	3000.00000000	2996.70000000	2999.80000000	3.06660000
2025-11-30T04:00:00.0000000	3000.80000000	3004.20000000	3000.00000000	3001.20000000	3.12730000
2025-11-30T03:30:00.0000000	2985.50000000	3006.10000000	2985.50000000	3001.70000000	9.26940000
2025-11-30T03:00:00.0000000	2991.60000000	2995.20000000	2976.40000000	2990.00000000	13.40800000
2025-11-30T02:30:00.0000000	3004.60000000	3007.70000000	2991.00000000	2992.20000000	8.78650000
2025-11-30T02:00:00.0000000	3006.10000000	3012.90000000	3003.80000000	3006.10000000	3.88810000
2025-11-30T01:30:00.0000000	3009.90000000	3009.90000000	3005.40000000	3005.60000000	1.90720000
2025-11-30T01:00:00.0000000	2996.90000000	3012.10000000	2996.40000000	3004.70000000	4.26960000
2025-11-30T00:30:00.0000000	2997.30000000	2998.80000000	2994.60000000	2996.70000000	1.30570000
2025-11-30T00:00:00.0000000	2990.00000000	2999.00000000	2989.10000000	2997.40000000	1.43780000
2025-11-29T23:30:00.0000000	2991.60000000	2993.90000000	2989.50000000	2990.00000000	5.24500000
2025-11-29T23:00:00.0000000	2990.00000000	2994.00000000	2986.70000000	2993.80000000	1.89530000
2025-11-29T22:30:00.0000000	2986.40000000	2993.50000000	2986.40000000	2990.60000000	7.60700000
2025-11-29T22:00:00.0000000	2994.00000000	2997.80000000	2984.70000000	2986.40000000	3.64750000
2025-11-29T21:30:00.0000000	2992.70000000	2996.40000000	2991.70000000	2996.30000000	6.82160000
2025-11-29T21:00:00.0000000	3000.00000000	3000.10000000	2983.90000000	2992.60000000	7.43120000
2025-11-29T20:30:00.0000000	2992.90000000	3000.00000000	2989.30000000	2997.20000000	4.09840000
2025-11-29T20:00:00.0000000	2989.30000000	2992.80000000	2985.10000000	2992.80000000	11.79100000
2025-11-29T19:30:00.0000000	2991.90000000	2994.00000000	2986.50000000	2990.90000000	8.37000000
2025-11-29T19:00:00.0000000	2996.00000000	3000.60000000	2993.50000000	2996.40000000	6.53670000
2025-11-29T18:30:00.0000000	2973.40000000	2998.00000000	2973.40000000	2997.00000000	10.91650000
2025-11-29T18:00:00.0000000	2972.40000000	2978.80000000	2963.40000000	2973.40000000	5.97260000
2025-11-29T17:30:00.0000000	2995.00000000	2995.20000000	2968.10000000	2972.40000000	17.32990000
2025-11-29T17:00:00.0000000	3004.30000000	3005.00000000	2995.00000000	2995.00000000	4.23540000
2025-11-29T16:30:00.0000000	3000.40000000	3006.70000000	2999.90000000	3004.30000000	7.04310000
2025-11-29T16:00:00.0000000	3006.20000000	3008.80000000	3001.50000000	3001.50000000	2.99860000
2025-11-29T15:30:00.0000000	3002.40000000	3009.10000000	3001.50000000	3009.10000000	7.76820000
2025-11-29T15:00:00.0000000	2989.90000000	3014.60000000	2989.90000000	3001.00000000	6.27480000
2025-11-29T14:30:00.0000000	2995.60000000	2996.80000000	2987.40000000	2989.30000000	6.49910000
2025-11-29T14:00:00.0000000	2999.60000000	2999.60000000	2994.20000000	2996.70000000	11.68390000
2025-11-29T13:30:00.0000000	2999.40000000	3003.00000000	2999.10000000	2999.50000000	2.35740000
2025-11-29T13:00:00.0000000	2996.80000000	2999.10000000	2994.10000000	2996.20000000	3.74750000
2025-11-29T12:30:00.0000000	2995.60000000	2999.50000000	2994.10000000	2997.70000000	5.86870000
2025-11-29T12:00:00.0000000	2999.50000000	3002.40000000	2993.60000000	2996.20000000	5.20080000
2025-11-29T11:30:00.0000000	2997.10000000	3002.30000000	2996.80000000	3001.60000000	7.26360000
2025-11-29T11:00:00.0000000	2998.30000000	2999.60000000	2993.40000000	2997.80000000	3.33040000
2025-11-29T10:30:00.0000000	3004.90000000	3005.50000000	2998.10000000	2998.10000000	0.83950000
2025-11-29T10:00:00.0000000	3001.70000000	3006.10000000	2991.30000000	3006.10000000	8.16860000
2025-11-29T09:30:00.0000000	3001.30000000	3006.40000000	3000.00000000	3003.20000000	6.46130000
2025-11-29T09:00:00.0000000	3009.10000000	3010.50000000	3002.20000000	3002.20000000	2.34280000
2025-11-29T08:30:00.0000000	3006.80000000	3010.30000000	3006.00000000	3008.00000000	1.76690000
2025-11-29T08:00:00.0000000	3003.50000000	3008.20000000	3001.50000000	3006.20000000	1.14830000
2025-11-29T07:30:00.0000000	3008.60000000	3010.50000000	3001.70000000	3005.60000000	3.00230000
2025-11-29T07:00:00.0000000	3007.80000000	3012.80000000	3007.40000000	3008.60000000	1.52940000
2025-11-29T06:30:00.0000000	3015.60000000	3015.60000000	2996.00000000	3009.80000000	16.48200000
2025-11-29T06:00:00.0000000	3033.90000000	3039.80000000	3015.30000000	3016.40000000	6.30950000
2025-11-29T05:30:00.0000000	3039.00000000	3041.20000000	3033.10000000	3034.60000000	3.43490000
2025-11-29T05:00:00.0000000	3040.80000000	3041.50000000	3036.80000000	3039.40000000	2.03520000
2025-11-29T04:30:00.0000000	3030.00000000	3046.80000000	3030.00000000	3040.00000000	3.58070000
2025-11-29T04:00:00.0000000	3023.40000000	3028.60000000	3020.80000000	3028.60000000	2.12890000
2025-11-29T03:30:00.0000000	3026.10000000	3026.10000000	3019.80000000	3023.90000000	2.75850000
2025-11-29T03:00:00.0000000	3030.80000000	3037.00000000	3027.40000000	3027.50000000	4.25740000
2025-11-29T02:30:00.0000000	3030.40000000	3031.70000000	3024.90000000	3030.80000000	5.69280000
2025-11-29T02:00:00.0000000	3040.90000000	3040.90000000	3033.90000000	3033.90000000	1.94590000
2025-11-29T01:30:00.0000000	3040.00000000	3041.00000000	3034.10000000	3039.30000000	2.01410000
2025-11-29T01:00:00.0000000	3037.30000000	3053.00000000	3037.30000000	3039.50000000	2.48230000
2025-11-29T00:30:00.0000000	3035.60000000	3038.90000000	3032.20000000	3037.10000000	1.36400000
2025-11-29T00:00:00.0000000	3031.60000000	3038.90000000	3030.40000000	3036.30000000	1.51010000
2025-11-28T23:30:00.0000000	3037.00000000	3037.90000000	3031.40000000	3032.80000000	6.18880000
2025-11-28T23:00:00.0000000	3040.60000000	3046.00000000	3038.20000000	3040.30000000	1.84590000
2025-11-28T22:30:00.0000000	3032.00000000	3041.00000000	3031.20000000	3040.00000000	2.60770000
2025-11-28T22:00:00.0000000	3037.80000000	3037.80000000	3024.00000000	3031.00000000	5.02210000
2025-11-28T21:30:00.0000000	3048.30000000	3053.00000000	3037.20000000	3037.30000000	4.35120000
2025-11-28T21:00:00.0000000	3059.10000000	3059.10000000	3046.00000000	3048.20000000	5.85500000
2025-11-28T20:30:00.0000000	3056.30000000	3057.00000000	3053.20000000	3057.00000000	1.76500000
2025-11-28T20:00:00.0000000	3048.20000000	3057.80000000	3038.00000000	3053.00000000	2.64760000
2025-11-28T19:30:00.0000000	3052.70000000	3060.70000000	3049.40000000	3050.00000000	17.56510000
2025-11-28T19:00:00.0000000	3041.80000000	3057.00000000	3038.90000000	3052.10000000	35.86480000
2025-11-28T18:30:00.0000000	3038.30000000	3043.90000000	3032.40000000	3039.40000000	3.72240000
2025-11-28T18:00:00.0000000	3036.70000000	3048.70000000	3026.50000000	3037.20000000	7.64810000
2025-11-28T17:30:00.0000000	3019.40000000	3040.80000000	3016.40000000	3032.00000000	7.23820000
2025-11-28T17:00:00.0000000	3022.60000000	3031.20000000	3014.00000000	3017.70000000	22.30720000
2025-11-28T16:30:00.0000000	3030.00000000	3037.00000000	3024.80000000	3024.80000000	8.55530000
2025-11-28T16:00:00.0000000	3070.00000000	3070.00000000	3028.10000000	3033.00000000	9.83740000
2025-11-28T15:30:00.0000000	3082.90000000	3091.10000000	3061.00000000	3073.30000000	13.79500000
2025-11-28T15:00:00.0000000	3066.90000000	3083.80000000	3055.70000000	3079.60000000	2.11350000
2025-11-28T14:30:00.0000000	3092.70000000	3092.70000000	3052.90000000	3063.70000000	5.79230000
2025-11-28T14:00:00.0000000	3076.20000000	3095.00000000	3067.70000000	3089.20000000	4.54980000
2025-11-28T13:30:00.0000000	3036.50000000	3081.50000000	3036.50000000	3074.60000000	3.23010000
2025-11-28T13:00:00.0000000	3037.00000000	3037.10000000	3028.00000000	3034.90000000	2.30660000
2025-11-28T12:30:00.0000000	3036.30000000	3040.40000000	3034.30000000	3036.40000000	3.22780000
2025-11-28T12:00:00.0000000	3034.90000000	3045.60000000	3034.90000000	3037.80000000	2.94110000
2025-11-28T11:30:00.0000000	3032.20000000	3036.60000000	3029.60000000	3035.00000000	1.97450000
2025-11-28T11:00:00.0000000	3060.80000000	3062.20000000	3019.90000000	3033.00000000	10.04130000
2025-11-28T10:30:00.0000000	3051.70000000	3064.70000000	3051.10000000	3061.30000000	1.84980000
2025-11-28T10:00:00.0000000	3055.70000000	3056.70000000	3048.70000000	3052.50000000	10.33090000
2025-11-28T09:30:00.0000000	3061.20000000	3061.20000000	3050.00000000	3056.60000000	9.81410000
2025-11-28T09:00:00.0000000	3061.80000000	3069.30000000	3056.90000000	3061.20000000	7.60750000
2025-11-28T08:30:00.0000000	3019.40000000	3072.20000000	3019.40000000	3061.20000000	3.84390000
2025-11-28T08:00:00.0000000	3002.50000000	3021.30000000	3002.50000000	3018.50000000	2.33120000
2025-11-28T07:30:00.0000000	3019.70000000	3021.20000000	3002.20000000	3003.00000000	3.84590000
2025-11-28T07:00:00.0000000	3011.30000000	3022.30000000	3010.60000000	3021.20000000	7.74090000
2025-11-28T06:30:00.0000000	3013.40000000	3014.80000000	3005.30000000	3011.00000000	9.39040000
2025-11-28T06:00:00.0000000	3024.60000000	3024.60000000	3013.80000000	3013.80000000	3.76270000
2025-11-28T05:30:00.0000000	3025.00000000	3028.60000000	3021.70000000	3025.50000000	2.16570000
2025-11-28T05:00:00.0000000	3018.20000000	3029.20000000	3017.60000000	3025.50000000	3.34380000
2025-11-28T04:30:00.0000000	3014.90000000	3020.00000000	3014.90000000	3019.10000000	2.88600000
2025-11-28T04:00:00.0000000	3009.30000000	3018.80000000	3006.10000000	3016.60000000	2.04710000
2025-11-28T03:30:00.0000000	3009.10000000	3011.90000000	3005.50000000	3009.20000000	3.39030000
2025-11-28T03:00:00.0000000	3011.20000000	3014.40000000	3002.70000000	3008.00000000	7.64500000
2025-11-28T02:30:00.0000000	2999.90000000	3016.00000000	2999.90000000	3012.00000000	2.52100000
2025-11-28T02:00:00.0000000	2999.90000000	3007.50000000	2996.40000000	3003.80000000	2.07160000
2025-11-28T01:30:00.0000000	3003.50000000	3008.60000000	2994.70000000	3000.90000000	1.54940000
2025-11-28T01:00:00.0000000	3014.30000000	3016.90000000	2995.80000000	3002.30000000	25.36790000
2025-11-28T00:30:00.0000000	3015.50000000	3023.30000000	3011.00000000	3014.80000000	2.71270000
2025-11-28T00:00:00.0000000	3015.70000000	3016.50000000	3012.00000000	3016.50000000	0.57050000
2025-11-27T23:30:00.0000000	3011.00000000	3018.30000000	3009.20000000	3013.60000000	1.81470000
2025-11-27T23:00:00.0000000	3011.20000000	3021.30000000	3011.20000000	3013.60000000	3.68570000
2025-11-27T22:30:00.0000000	3033.00000000	3034.20000000	3004.40000000	3011.80000000	3.39520000
2025-11-27T22:00:00.0000000	3032.50000000	3034.00000000	3027.50000000	3032.50000000	3.15980000
2025-11-27T21:30:00.0000000	3039.10000000	3040.90000000	3032.40000000	3033.40000000	17.62540000
2025-11-27T21:00:00.0000000	3037.90000000	3043.10000000	3030.10000000	3037.90000000	19.63620000
2025-11-27T20:30:00.0000000	3038.70000000	3043.70000000	3035.90000000	3038.50000000	14.76640000
2025-11-27T20:00:00.0000000	3031.00000000	3039.10000000	3031.00000000	3036.70000000	9.80980000
2025-11-27T19:30:00.0000000	3030.40000000	3036.20000000	3027.60000000	3030.90000000	10.09000000
2025-11-27T19:00:00.0000000	3036.10000000	3036.80000000	3029.80000000	3030.40000000	12.84200000
2025-11-27T18:30:00.0000000	3022.50000000	3038.40000000	3021.90000000	3038.20000000	12.51560000
2025-11-27T18:00:00.0000000	3018.80000000	3028.30000000	3018.80000000	3023.00000000	8.09500000
2025-11-27T17:30:00.0000000	3015.80000000	3021.60000000	3012.90000000	3019.00000000	9.63600000
2025-11-27T17:00:00.0000000	3021.40000000	3022.90000000	3017.30000000	3020.20000000	8.64520000
2025-11-27T16:30:00.0000000	3016.70000000	3023.70000000	3016.00000000	3022.30000000	5.79040000
2025-11-27T16:00:00.0000000	3011.50000000	3025.30000000	3006.50000000	3016.10000000	5.34020000
2025-11-27T15:30:00.0000000	3005.60000000	3014.60000000	3000.90000000	3014.60000000	7.83660000
2025-11-27T15:00:00.0000000	2996.50000000	3009.60000000	2991.30000000	3003.40000000	9.10510000
2025-11-27T14:30:00.0000000	2999.70000000	2999.70000000	2987.30000000	2996.90000000	3.41540000
2025-11-27T14:00:00.0000000	2995.40000000	2999.40000000	2986.50000000	2999.00000000	7.22310000
2025-11-27T13:30:00.0000000	2999.10000000	3000.80000000	2990.60000000	2995.60000000	9.84820000
2025-11-27T13:00:00.0000000	2992.70000000	3001.60000000	2987.90000000	3001.20000000	45.63890000
2025-11-27T12:30:00.0000000	3013.90000000	3014.90000000	2989.10000000	2992.60000000	8.56750000
2025-11-27T12:00:00.0000000	3028.60000000	3029.20000000	3012.00000000	3014.40000000	7.35150000
2025-11-27T11:30:00.0000000	3027.40000000	3031.50000000	3024.30000000	3027.90000000	2.45830000
2025-11-27T11:00:00.0000000	3034.20000000	3035.50000000	3027.80000000	3028.10000000	2.45460000
2025-11-27T10:30:00.0000000	3032.90000000	3035.50000000	3023.10000000	3034.40000000	8.91050000
2025-11-27T10:00:00.0000000	3028.20000000	3036.80000000	3027.10000000	3034.00000000	5.56920000
2025-11-27T09:30:00.0000000	3033.10000000	3042.80000000	3029.70000000	3029.70000000	12.61830000
2025-11-27T09:00:00.0000000	3027.40000000	3038.10000000	3025.30000000	3030.50000000	10.46220000
2025-11-27T08:30:00.0000000	3021.60000000	3029.10000000	3019.90000000	3029.10000000	3.35150000
2025-11-27T08:00:00.0000000	3034.20000000	3034.60000000	3021.80000000	3023.50000000	3.07990000
2025-11-27T07:30:00.0000000	3033.50000000	3035.10000000	3027.50000000	3032.20000000	1.54320000
2025-11-27T07:00:00.0000000	3027.40000000	3035.80000000	3027.40000000	3034.00000000	3.35650000
2025-11-27T06:30:00.0000000	3031.20000000	3033.50000000	3023.70000000	3027.50000000	5.24230000
2025-11-27T06:00:00.0000000	3023.40000000	3031.80000000	3023.40000000	3031.30000000	2.31500000
2025-11-27T05:30:00.0000000	3037.40000000	3037.40000000	3021.30000000	3023.40000000	1.51790000
2025-11-27T05:00:00.0000000	3039.40000000	3041.00000000	3034.70000000	3038.60000000	1.11440000
2025-11-27T04:30:00.0000000	3036.50000000	3043.70000000	3036.20000000	3041.80000000	0.90080000
2025-11-27T04:00:00.0000000	3033.50000000	3051.80000000	3033.50000000	3038.70000000	1.71980000
2025-11-27T03:30:00.0000000	3044.50000000	3044.50000000	3030.80000000	3033.10000000	5.55690000
2025-11-27T03:00:00.0000000	3037.50000000	3052.20000000	3037.40000000	3045.70000000	12.14640000
2025-11-27T02:30:00.0000000	3064.20000000	3070.90000000	3038.70000000	3038.70000000	2.64150000
2025-11-27T02:00:00.0000000	3051.10000000	3064.50000000	3042.80000000	3063.30000000	7.63070000
2025-11-27T01:30:00.0000000	3032.00000000	3056.10000000	3032.00000000	3053.10000000	2.44140000
2025-11-27T01:00:00.0000000	3034.50000000	3047.50000000	3028.80000000	3033.80000000	2.80010000
2025-11-27T00:30:00.0000000	3015.40000000	3046.90000000	3015.40000000	3036.40000000	12.95720000
2025-11-27T00:00:00.0000000	3025.50000000	3027.60000000	3010.10000000	3015.60000000	5.83650000
2025-11-26T23:30:00.0000000	3018.70000000	3028.70000000	3017.70000000	3026.60000000	3.53100000
2025-11-26T23:00:00.0000000	3027.50000000	3032.10000000	3018.60000000	3018.60000000	8.25170000
2025-11-26T22:30:00.0000000	3021.60000000	3028.30000000	3019.90000000	3026.40000000	2.62340000
2025-11-26T22:00:00.0000000	3022.70000000	3030.70000000	3018.60000000	3025.20000000	6.48730000
2025-11-26T21:30:00.0000000	3031.00000000	3033.40000000	3020.20000000	3023.00000000	5.70570000
2025-11-26T21:00:00.0000000	3026.30000000	3030.80000000	3016.60000000	3030.80000000	7.41460000
2025-11-26T20:30:00.0000000	3020.60000000	3027.20000000	3008.30000000	3023.70000000	4.12980000
2025-11-26T20:00:00.0000000	3033.20000000	3033.60000000	3013.60000000	3020.40000000	80.96830000
2025-11-26T19:30:00.0000000	3031.90000000	3039.90000000	3031.90000000	3036.30000000	4.41870000
2025-11-26T19:00:00.0000000	3036.30000000	3037.20000000	3021.40000000	3029.40000000	8.62530000
2025-11-26T18:30:00.0000000	3040.70000000	3041.40000000	3019.50000000	3036.30000000	9.58530000
2025-11-26T18:00:00.0000000	3030.40000000	3046.90000000	3026.60000000	3040.80000000	10.58640000
2025-11-26T17:30:00.0000000	2977.80000000	3033.30000000	2973.30000000	3031.40000000	41.37920000
2025-11-26T17:00:00.0000000	2948.10000000	2982.10000000	2941.90000000	2977.80000000	8.69470000
2025-11-26T16:30:00.0000000	2948.20000000	2960.00000000	2937.80000000	2949.10000000	6.90600000
2025-11-26T16:00:00.0000000	2923.60000000	2959.10000000	2923.60000000	2945.90000000	10.19480000
2025-11-26T15:30:00.0000000	2938.00000000	2940.60000000	2912.30000000	2928.00000000	29.55580000
2025-11-26T15:00:00.0000000	2914.00000000	2943.20000000	2914.00000000	2936.90000000	14.57660000
2025-11-26T14:30:00.0000000	2937.10000000	2950.00000000	2907.10000000	2911.30000000	15.29360000
2025-11-26T14:00:00.0000000	2936.00000000	2943.70000000	2923.90000000	2938.00000000	7.53170000
2025-11-26T13:30:00.0000000	2917.80000000	2935.70000000	2912.40000000	2935.70000000	8.91970000
2025-11-26T13:00:00.0000000	2903.20000000	2917.80000000	2903.10000000	2917.80000000	7.74270000
2025-11-26T12:30:00.0000000	2901.80000000	2906.80000000	2899.50000000	2903.10000000	5.31530000
2025-11-26T12:00:00.0000000	2916.40000000	2916.80000000	2893.10000000	2902.80000000	12.89280000
2025-11-26T11:30:00.0000000	2912.50000000	2918.40000000	2909.30000000	2915.30000000	8.95070000
2025-11-26T11:00:00.0000000	2915.40000000	2919.00000000	2911.00000000	2912.20000000	11.88560000
2025-11-26T10:30:00.0000000	2917.70000000	2917.70000000	2908.10000000	2917.00000000	10.66060000
2025-11-26T10:00:00.0000000	2910.00000000	2919.30000000	2908.10000000	2917.40000000	9.46930000
2025-11-26T09:30:00.0000000	2914.50000000	2915.40000000	2904.70000000	2908.10000000	12.76610000
2025-11-26T09:00:00.0000000	2914.20000000	2918.30000000	2909.70000000	2915.90000000	12.47150000
2025-11-26T08:30:00.0000000	2927.60000000	2929.60000000	2914.60000000	2915.20000000	13.88140000
2025-11-26T08:00:00.0000000	2945.60000000	2946.80000000	2926.30000000	2927.70000000	11.15770000
2025-11-26T07:30:00.0000000	2947.80000000	2949.00000000	2938.20000000	2944.30000000	17.41830000
2025-11-26T07:00:00.0000000	2948.00000000	2951.50000000	2942.80000000	2949.00000000	15.93590000
2025-11-26T06:30:00.0000000	2940.80000000	2952.50000000	2936.10000000	2948.50000000	17.11710000
2025-11-26T06:00:00.0000000	2945.00000000	2956.50000000	2938.10000000	2942.30000000	21.70210000
2025-11-26T05:30:00.0000000	2944.40000000	2950.40000000	2943.50000000	2949.00000000	8.03290000
2025-11-26T05:00:00.0000000	2932.40000000	2954.90000000	2932.40000000	2943.10000000	8.32370000
2025-11-26T04:30:00.0000000	2936.00000000	2938.90000000	2934.20000000	2935.00000000	9.27260000
2025-11-26T04:00:00.0000000	2929.60000000	2937.80000000	2922.70000000	2935.30000000	11.30660000
2025-11-26T03:30:00.0000000	2961.40000000	2961.40000000	2924.10000000	2929.60000000	7.44420000
2025-11-26T03:00:00.0000000	2958.10000000	2965.60000000	2956.60000000	2962.30000000	14.02940000
2025-11-26T02:30:00.0000000	2967.40000000	2969.90000000	2959.70000000	2959.70000000	6.15560000
2025-11-26T02:00:00.0000000	2971.40000000	2977.30000000	2964.10000000	2966.40000000	4.50660000
2025-11-26T01:30:00.0000000	2961.90000000	2982.20000000	2961.40000000	2973.70000000	8.14150000
2025-11-26T01:00:00.0000000	2953.70000000	2963.90000000	2948.60000000	2961.90000000	3.59410000
2025-11-26T00:30:00.0000000	2964.40000000	2964.40000000	2952.80000000	2956.70000000	3.15130000
2025-11-26T00:00:00.0000000	2960.90000000	2971.90000000	2955.40000000	2962.20000000	7.60240000
2025-11-25T23:30:00.0000000	2967.40000000	2973.60000000	2958.40000000	2963.20000000	4.08220000
2025-11-25T23:00:00.0000000	2973.70000000	2982.20000000	2965.10000000	2966.80000000	6.40480000
2025-11-25T22:30:00.0000000	2933.60000000	2978.00000000	2930.80000000	2971.80000000	12.83820000
2025-11-25T22:00:00.0000000	2933.70000000	2934.40000000	2909.10000000	2930.40000000	15.54990000
2025-11-25T21:30:00.0000000	2939.50000000	2948.30000000	2933.80000000	2934.00000000	14.36950000
2025-11-25T21:00:00.0000000	2931.40000000	2943.90000000	2925.50000000	2939.50000000	2.71930000
2025-11-25T20:30:00.0000000	2933.60000000	2944.90000000	2930.70000000	2932.50000000	15.59080000
2025-11-25T20:00:00.0000000	2925.10000000	2936.50000000	2920.70000000	2934.70000000	2.08430000
2025-11-25T19:30:00.0000000	2885.90000000	2925.30000000	2885.90000000	2920.50000000	4.19140000
2025-11-25T19:00:00.0000000	2927.70000000	2929.60000000	2874.00000000	2882.00000000	13.37410000
2025-11-25T18:30:00.0000000	2951.70000000	2956.70000000	2925.70000000	2925.70000000	4.49140000
2025-11-25T18:00:00.0000000	2939.20000000	2958.70000000	2937.30000000	2950.50000000	25.24700000
2025-11-25T17:30:00.0000000	2932.50000000	2951.30000000	2930.10000000	2941.20000000	4.06460000
2025-11-25T17:00:00.0000000	2930.90000000	2953.20000000	2920.80000000	2933.00000000	9.80820000
2025-11-25T16:30:00.0000000	2928.00000000	2934.00000000	2918.60000000	2930.10000000	11.04070000
2025-11-25T16:00:00.0000000	2895.40000000	2929.50000000	2891.10000000	2929.50000000	4.61280000
2025-11-25T15:30:00.0000000	2891.80000000	2916.80000000	2891.80000000	2897.20000000	6.26280000
2025-11-25T15:00:00.0000000	2880.00000000	2895.90000000	2861.20000000	2881.70000000	13.16900000
2025-11-25T14:30:00.0000000	2916.40000000	2916.40000000	2859.40000000	2880.60000000	9.99960000
2025-11-25T14:00:00.0000000	2910.00000000	2923.00000000	2907.20000000	2917.80000000	5.40060000
